 0.260 ,  0.000 ,  0.000,  0.000  
 0.280 ,  0.000 ,  0.000,  0.000  
 0.290 ,  0.000 ,  0.000,  0.000  
 0.300 ,  0.000 ,  0.000,  0.000  
 0.310 ,  0.000 ,  0.000,  0.000  
 0.320 ,  0.000 ,  0.000,  0.000  
 0.330 ,  0.000 ,  0.000,  0.000  
 0.340 ,  0.000 ,  0.000,  0.000  
 0.350 ,  0.000 ,  0.000,  0.000  
 0.360 ,  0.000 ,  0.000,  0.000  
 0.370 ,  0.000 ,  0.000,  0.000  
 0.380 ,  0.000 ,  0.000,  0.000  
 0.390 ,  0.000 ,  0.000,  0.000  
 0.410 ,  0.000 ,  0.000,  0.000  
 0.420 ,  0.000 ,  0.000,  0.000  
 0.430 ,  0.000 ,  0.000,  0.000  
 0.440 ,  0.000 ,  0.000,  0.000  
 0.450 ,  0.000 ,  0.000,  0.000  
 0.460 ,  0.000 ,  0.000,  0.000  
 0.470 ,  0.000 ,  0.000,  0.000  
 0.480 ,  0.000 ,  0.000,  0.000  
 0.490 ,  0.000 ,  0.000,  0.000  
 0.500 ,  0.000 ,  0.000,  0.000  
 0.510 ,  0.000 ,  0.000,  0.000  
 0.520 ,  0.000 ,  0.000,  0.000  
 0.540 ,  0.000 ,  0.000,  0.000  
 0.550 ,  0.000 ,  0.000,  0.000  
 0.560 ,  0.000 ,  0.000,  0.000  
 0.570 ,  0.000 ,  0.000,  0.000  
 0.580 ,  0.000 ,  0.000,  0.000  
 0.590 ,  0.000 ,  0.000,  0.000  
 0.600 ,  0.000 ,  0.000,  0.000  
 0.610 ,  0.000 ,  0.000,  0.000  
 0.620 ,  0.000 ,  0.000,  0.000  
 0.630 ,  0.000 ,  0.000,  0.000  
 0.640 ,  0.000 ,  0.000,  0.000  
 0.650 ,  0.000 ,  0.000,  0.000  
 0.660 ,  0.000 ,  0.000,  0.000  
 0.680 ,  0.000 ,  0.000,  0.000  
 0.690 ,  0.000 ,  0.000,  0.000  
 0.700 ,  0.000 ,  0.000,  0.000  
 0.710 ,  0.000 ,  0.000,  0.000  
 0.720 ,  0.000 ,  0.000,  0.000  
 0.730 ,  0.000 ,  0.000,  0.000  
 0.740 ,  0.000 ,  0.000,  0.000  
 0.750 ,  0.000 ,  0.000,  0.000  
 0.760 ,  0.000 ,  0.000,  0.000  
 0.770 ,  0.000 ,  0.000,  0.000  
 0.780 ,  0.000 ,  0.000,  0.000  
 0.790 ,  0.000 ,  0.000,  0.000  
 0.810 ,  0.000 ,  0.000,  0.000  
 0.820 ,  0.000 ,  0.000,  0.000  
 0.830 ,  0.000 ,  0.000,  0.000  
 0.840 ,  0.000 ,  0.000,  0.000  
 0.850 ,  0.000 ,  0.000,  0.000  
 0.860 ,  0.000 ,  0.000,  0.000  
 0.870 ,  0.000 ,  0.000,  0.000  
 0.880 ,  0.000 ,  0.000,  0.000  
 0.890 ,  0.000 ,  0.000,  0.000  
 0.900 ,  0.000 ,  0.000,  0.000  
 0.910 ,  0.000 ,  0.000,  0.000  
 0.920 ,  0.000 ,  0.000,  0.000  
 0.930 ,  0.000 ,  0.000,  0.000  
 0.950 ,  0.000 ,  0.000,  0.000  
 0.960 ,  0.000 ,  0.000,  0.000  
 0.970 ,  0.000 ,  0.000,  0.000  
 0.980 ,  0.000 ,  0.000,  0.000  
 0.990 ,  0.000 ,  0.000,  0.000  
 1.000 ,  0.000 ,  0.000,  0.000  
 1.010 ,  0.000 ,  0.000,  0.000  
 1.020 ,  0.000 ,  0.000,  0.000  
 1.030 ,  0.000 ,  0.000,  0.000  
 1.040 ,  0.000 ,  0.000,  0.000  
 1.050 ,  0.000 ,  0.000,  0.000  
 1.060 ,  0.000 ,  0.000,  0.000  
 1.080 ,  0.000 ,  0.000,  0.000  
 1.090 ,  0.000 ,  0.000,  0.000  
 1.100 ,  0.000 ,  0.000,  0.000  
 1.110 ,  0.000 ,  0.000,  0.000  
 1.120 ,  0.000 ,  0.000,  0.000  
 1.130 ,  0.000 ,  0.000,  0.000  
 1.140 ,  0.000 ,  0.000,  0.000  
 1.150 ,  0.000 ,  0.000,  0.000  
 1.160 ,  0.000 ,  0.000,  0.000  
 1.170 ,  0.000 ,  0.000,  0.000  
 1.180 ,  0.000 ,  0.000,  0.000  
 1.190 ,  0.000 ,  0.000,  0.000  
 1.200 ,  0.000 ,  0.000,  0.000  
 1.220 ,  0.000 ,  0.000,  0.000  
 1.230 ,  0.000 ,  0.000,  0.000  
 1.240 ,  0.000 ,  0.000,  0.000  
 1.250 ,  0.000 ,  0.000,  0.000  
 1.260 ,  0.000 ,  0.000,  0.000  
 1.270 ,  0.000 ,  0.000,  0.000  
 1.280 ,  0.000 ,  0.000,  0.000  
 1.290 ,  0.000 ,  0.000,  0.000  
 1.300 ,  0.000 ,  0.000,  0.000  
 1.310 ,  0.000 ,  0.000,  0.000  
 1.320 ,  0.000 ,  0.000,  0.000  
 1.330 ,  0.000 ,  0.000,  0.000  
 1.350 ,  0.000 ,  0.000,  0.000  
 1.360 ,  0.000 ,  0.000,  0.000  
 1.370 ,  0.000 ,  0.000,  0.000  
 1.380 ,  0.000 ,  0.000,  0.000  
 1.390 ,  0.000 ,  0.000,  0.000  
 1.400 ,  0.000 ,  0.000,  0.000  
 1.410 ,  0.000 ,  0.000,  0.000  
 1.420 ,  0.000 ,  0.000,  0.000  
 1.430 ,  0.000 ,  0.000,  0.000  
 1.440 ,  0.000 ,  0.000,  0.000  
 1.450 ,  0.000 ,  0.000,  0.000  
 1.460 ,  0.000 ,  0.000,  0.000  
 1.470 ,  0.000 ,  0.000,  0.000  
 1.490 ,  0.000 ,  0.000,  0.000  
 1.500 ,  0.000 ,  0.000,  0.000  
 1.510 ,  0.000 ,  0.000,  0.000  
 1.520 ,  0.000 ,  0.000,  0.000  
 1.530 ,  0.000 ,  0.000,  0.000  
 1.540 ,  0.000 ,  0.000,  0.000  
 1.550 ,  0.000 ,  0.000,  0.000  
 1.560 ,  0.000 ,  0.000,  0.000  
 1.570 ,  0.000 ,  0.000,  0.000  
 1.580 ,  0.000 ,  0.000,  0.000  
 1.590 ,  0.000 ,  0.000,  0.000  
 1.600 ,  0.000 ,  0.000,  0.000  
 1.620 ,  0.000 ,  0.000,  0.000  
 1.630 ,  0.000 ,  0.000,  0.000  
 1.640 ,  0.000 ,  0.000,  0.000  
 1.650 ,  0.000 ,  0.000,  0.000  
 1.660 ,  0.000 ,  0.000,  0.000  
 1.670 ,  0.000 ,  0.000,  0.000  
 1.680 ,  0.000 ,  0.000,  0.000  
 1.690 ,  0.000 ,  0.000,  0.000  
 1.700 ,  0.000 ,  0.000,  0.000  
 1.710 ,  0.000 ,  0.000,  0.000  
 1.720 ,  0.000 ,  0.000,  0.000  
 1.730 ,  0.000 ,  0.000,  0.000  
 1.750 ,  0.000 ,  0.000,  0.000  
 1.760 ,  0.000 ,  0.000,  0.000  
 1.770 ,  0.000 ,  0.000,  0.000  
 1.780 ,  0.000 ,  0.000,  0.000  
 1.790 ,  0.000 ,  0.000,  0.000  
 1.800 ,  0.000 ,  0.000,  0.000  
 1.810 ,  0.000 ,  0.000,  0.000  
 1.820 ,  0.000 ,  0.000,  0.000  
 1.830 ,  0.000 ,  0.000,  0.000  
 1.840 ,  0.000 ,  0.000,  0.000  
 1.850 ,  0.000 ,  0.000,  0.000  
 1.860 ,  0.000 ,  0.000,  0.000  
 1.870 ,  0.000 ,  0.000,  0.000  
 1.890 ,  0.000 ,  0.000,  0.000  
 1.900 ,  0.000 ,  0.000,  0.000  
 1.910 ,  0.000 ,  0.000,  0.000  
 1.920 ,  0.000 ,  0.000,  0.000  
 1.930 ,  0.000 ,  0.000,  0.000  
 1.940 ,  0.000 ,  0.000,  0.000  
 1.950 ,  0.000 ,  0.000,  0.000  
 1.960 ,  0.000 ,  0.000,  0.000  
 1.970 ,  0.000 ,  0.000,  0.000  
 1.980 ,  0.000 ,  0.000,  0.000  
 1.990 ,  0.000 ,  0.000,  0.000  
 2.000 ,  0.000 ,  0.000,  0.000  
 2.020 ,  0.500 ,  0.000, 30.000  
 2.030 ,  0.500 ,  0.004, 29.402  
 2.040 ,  0.500 ,  0.013, 27.487  
 2.050 ,  0.500 ,  0.028, 24.788  
 2.060 ,  0.500 ,  0.043, 21.826  
 2.070 ,  0.500 ,  0.061, 18.700  
 2.080 ,  0.500 ,  0.081, 15.417  
 2.090 ,  0.500 ,  0.099, 11.984  
 2.100 ,  0.500 ,  0.117, 11.255  
 2.110 ,  0.500 ,  0.136, 10.132  
 2.130 ,  0.500 ,  0.154,  6.523  
 2.140 ,  0.500 ,  0.171,  4.266  
 2.150 ,  0.500 ,  0.184,  2.616  
 2.160 ,  0.500 ,  0.194,  1.542  
 2.170 ,  0.500 ,  0.201,  0.860  
 2.180 ,  0.500 ,  0.206,  1.142  
 2.190 ,  0.500 ,  0.209,  1.732  
 2.200 ,  0.500 ,  0.212,  2.765  
 2.210 ,  0.500 ,  0.216,  4.188  
 2.230 ,  0.500 ,  0.222,  6.410  
 2.240 ,  0.500 ,  0.230,  6.628  
 2.250 ,  0.500 ,  0.239,  6.550  
 2.260 ,  0.500 ,  0.248,  5.983  
 2.270 ,  0.500 ,  0.258,  5.151  
 2.280 ,  0.500 ,  0.269,  4.148  
 2.290 ,  0.500 ,  0.276,  2.978  
 2.300 ,  0.500 ,  0.283,  2.017  
 2.310 ,  0.500 ,  0.289,  1.419  
 2.330 ,  0.500 ,  0.292,  1.542  
 2.340 ,  0.500 ,  0.295,  1.996  
 2.350 ,  0.500 ,  0.298,  2.690  
 2.360 ,  0.500 ,  0.301,  3.503  
 2.370 ,  0.500 ,  0.306,  4.004  
 2.380 ,  0.500 ,  0.310,  4.410  
 2.390 ,  0.500 ,  0.316,  4.242  
 2.400 ,  0.500 ,  0.323,  4.021  
 2.410 ,  0.500 ,  0.329,  3.771  
 2.420 ,  0.500 ,  0.334,  3.446  
 2.440 ,  0.500 ,  0.340,  2.645  
 2.450 ,  0.500 ,  0.346,  2.234  
 2.460 ,  0.500 ,  0.350,  1.867  
 2.470 ,  0.500 ,  0.355,  1.452  
 2.480 ,  0.500 ,  0.358,  1.361  
 2.490 ,  0.500 ,  0.361,  1.368  
 2.500 ,  0.500 ,  0.362,  1.751  
 2.510 ,  0.500 ,  0.365,  1.908  
 2.520 ,  0.500 ,  0.368,  2.340  
 2.540 ,  0.500 ,  0.371,  2.617  
 2.550 ,  0.500 ,  0.374,  2.678  
 2.560 ,  0.500 ,  0.378,  2.713  
 2.570 ,  0.500 ,  0.381,  2.535  
 2.580 ,  0.500 ,  0.386,  2.253  
 2.590 ,  0.500 ,  0.390,  2.100  
 2.600 ,  0.500 ,  0.393,  1.589  
 2.610 ,  0.500 ,  0.396,  1.273  
 2.620 ,  0.500 ,  0.399,  1.392  
 2.640 ,  0.500 ,  0.401,  1.374  
 2.650 ,  0.500 ,  0.403,  1.603  
 2.660 ,  0.500 ,  0.405,  1.665  
 2.670 ,  0.500 ,  0.407,  1.667  
 2.680 ,  0.500 ,  0.410,  1.840  
 2.690 ,  0.500 ,  0.411,  1.695  
 2.700 ,  0.500 ,  0.414,  1.783  
 2.710 ,  0.500 ,  0.417,  1.596  
 2.720 ,  0.500 ,  0.419,  1.638  
 2.730 ,  0.500 ,  0.422,  1.404  
 2.750 ,  0.500 ,  0.424,  1.485  
 2.760 ,  0.500 ,  0.426,  1.201  
 2.770 ,  0.500 ,  0.428,  1.142  
 2.780 ,  0.500 ,  0.430,  1.173  
 2.790 ,  0.500 ,  0.432,  1.203  
 2.800 ,  0.500 ,  0.434,  1.230  
 2.810 ,  0.500 ,  0.435,  1.252  
 2.820 ,  0.500 ,  0.437,  1.267  
 2.830 ,  0.500 ,  0.438,  1.273  
 2.850 ,  0.500 ,  0.440,  1.255  
 2.860 ,  0.500 ,  0.441,  1.229  
 2.870 ,  0.500 ,  0.444,  1.188  
 2.880 ,  0.500 ,  0.445,  1.134  
 2.890 ,  0.500 ,  0.447,  1.065  
 2.900 ,  0.500 ,  0.448,  0.980  
 2.910 ,  0.500 ,  0.449,  0.878  
 2.920 ,  0.500 ,  0.450,  0.760  
 2.930 ,  0.500 ,  0.452,  0.998  
 2.950 ,  0.500 ,  0.453,  1.251  
 2.960 ,  0.500 ,  0.453,  1.262  
 2.970 ,  0.500 ,  0.455,  1.157  
 2.980 ,  0.500 ,  0.456,  1.026  
 2.990 ,  0.500 ,  0.458,  0.870  
 3.000 ,  0.500 ,  0.459,  1.063  
 3.010 ,  0.500 ,  0.461,  1.007  
 3.020 ,  0.500 ,  0.461,  0.833  
 3.030 ,  0.500 ,  0.462,  0.818  
 3.040 ,  0.500 ,  0.464,  0.851  
 3.060 ,  0.500 ,  0.464,  0.844  
 3.070 ,  0.500 ,  0.465,  0.737  
 3.080 ,  0.500 ,  0.465,  0.882  
 3.090 ,  0.500 ,  0.467,  0.772  
 3.100 ,  0.500 ,  0.467,  0.911  
 3.110 ,  0.500 ,  0.468,  0.793  
 3.120 ,  0.500 ,  0.469,  0.924  
 3.130 ,  0.500 ,  0.470,  0.796  
 3.140 ,  0.500 ,  0.471,  0.916  
 3.160 ,  0.500 ,  0.471,  0.882  
 3.170 ,  0.500 ,  0.473,  0.728  
 3.180 ,  0.500 ,  0.473,  0.819  
 3.190 ,  0.500 ,  0.474,  0.649  
 3.200 ,  0.500 ,  0.474,  0.723  
 3.210 ,  0.500 ,  0.476,  0.723  
 3.220 ,  0.500 ,  0.476,  0.668  
 3.230 ,  0.500 ,  0.476,  0.789  
 3.240 ,  0.500 ,  0.477,  0.602  
 3.250 ,  0.500 ,  0.477,  0.820  
 3.270 ,  0.500 ,  0.479,  0.628  
 3.280 ,  0.500 ,  0.479,  0.676  
 3.290 ,  0.500 ,  0.480,  0.645  
 3.300 ,  0.500 ,  0.480,  0.556  
 3.310 ,  0.500 ,  0.480,  0.640  
 3.320 ,  0.500 ,  0.480,  0.786  
 3.330 ,  0.500 ,  0.481,  0.947  
 3.340 ,  0.500 ,  0.482,  0.747  
 3.350 ,  0.500 ,  0.483,  0.785  
 3.370 ,  0.500 ,  0.483,  0.558  
 3.380 ,  0.500 ,  0.484,  0.481  
 3.390 ,  0.500 ,  0.485,  0.345  
 3.400 ,  0.500 ,  0.485,  0.379  
 3.410 ,  0.500 ,  0.485,  0.474  
 3.420 ,  0.500 ,  0.485,  0.582  
 3.430 ,  0.500 ,  0.486,  0.515  
 3.440 ,  0.500 ,  0.486,  0.385  
 3.450 ,  0.500 ,  0.486,  0.423  
 3.470 ,  0.500 ,  0.486,  0.625  
 3.480 ,  0.500 ,  0.486,  0.741  
 3.490 ,  0.500 ,  0.486,  0.867  
 3.500 ,  0.500 ,  0.486,  1.001  
 3.510 ,  0.500 ,  0.486,  1.142  
 3.520 ,  0.500 ,  0.488,  1.290  
 3.530 ,  0.500 ,  0.489,  1.069  
 3.540 ,  0.500 ,  0.489,  0.705  
 3.550 ,  0.500 ,  0.491,  0.289  
 3.560 ,  0.500 ,  0.491,  0.212  
 3.580 ,  0.500 ,  0.491,  0.051  
 3.590 ,  0.500 ,  0.491,  0.013  
 3.600 ,  0.500 ,  0.491,  0.220  
 3.610 ,  0.500 ,  0.491,  0.325  
 3.620 ,  0.500 ,  0.491,  0.394  
 3.630 ,  0.500 ,  0.491,  0.469  
 3.640 ,  0.500 ,  0.491,  0.364  
 3.650 ,  0.500 ,  0.491,  0.377  
 3.660 ,  0.500 ,  0.491,  0.442  
 3.680 ,  0.500 ,  0.491,  0.590  
 3.690 ,  0.500 ,  0.491,  0.672  
 3.700 ,  0.500 ,  0.492,  0.572  
 3.710 ,  0.500 ,  0.492,  0.588  
 3.720 ,  0.500 ,  0.492,  0.655  
 3.730 ,  0.500 ,  0.492,  0.726  
 3.740 ,  0.500 ,  0.492,  0.802  
 3.750 ,  0.500 ,  0.492,  0.883  
 3.760 ,  0.500 ,  0.492,  0.967  
 3.780 ,  0.500 ,  0.494,  0.770  
 3.790 ,  0.500 ,  0.494,  0.714  
 3.800 ,  0.500 ,  0.495,  0.379  
 3.810 ,  0.500 ,  0.496,  0.275  
 3.820 ,  0.500 ,  0.497, -0.106  
 3.830 ,  0.500 ,  0.496, -0.067  
 3.840 ,  0.500 ,  0.495,  0.148  
 3.850 ,  0.500 ,  0.495,  0.213  
 3.860 ,  0.500 ,  0.495,  0.239  
 3.870 ,  0.500 ,  0.495,  0.303  
 3.890 ,  0.500 ,  0.495,  0.341  
 3.900 ,  0.500 ,  0.495,  0.383  
 3.910 ,  0.500 ,  0.495,  0.428  
 3.920 ,  0.500 ,  0.495,  0.475  
 3.930 ,  0.500 ,  0.496,  0.338  
 3.940 ,  0.500 ,  0.496,  0.316  
 3.950 ,  0.500 ,  0.496,  0.342  
 3.960 ,  0.500 ,  0.496,  0.372  
 3.970 ,  0.500 ,  0.496,  0.404  
 3.990 ,  0.500 ,  0.496,  0.478  
 4.000 ,  0.500 ,  0.496,  0.519  
 4.010 ,  0.500 ,  0.496,  0.561  
 4.020 ,  0.500 ,  0.496,  0.606  
 4.030 ,  0.500 ,  0.497,  0.652  
 4.040 ,  0.500 ,  0.497,  0.512  
 4.050 ,  0.500 ,  0.497,  0.487  
 4.060 ,  0.500 ,  0.497,  0.509  
 4.070 ,  0.500 ,  0.497,  0.534  
 4.090 ,  0.500 ,  0.497,  0.591  
 4.100 ,  0.500 ,  0.497,  0.622  
 4.110 ,  0.500 ,  0.497,  0.656  
 4.120 ,  0.500 ,  0.497,  0.691  
 4.130 ,  0.500 ,  0.497,  0.728  
 4.140 ,  0.500 ,  0.497,  0.766  
 4.150 ,  0.500 ,  0.497,  0.805  
 4.160 ,  0.500 ,  0.497,  0.845  
 4.170 ,  0.500 ,  0.498,  0.512  
 4.180 ,  0.500 ,  0.498,  0.405  
 4.200 ,  0.500 ,  0.498,  0.382  
 4.210 ,  0.500 ,  0.498,  0.377  
 4.220 ,  0.500 ,  0.498,  0.375  
 4.230 ,  0.500 ,  0.498,  0.376  
 4.240 ,  0.500 ,  0.498,  0.379  
 4.250 ,  0.500 ,  0.498,  0.385  
 4.260 ,  0.500 ,  0.498,  0.393  
 4.270 ,  0.500 ,  0.498,  0.403  
 4.280 ,  0.500 ,  0.498,  0.415  
 4.300 ,  0.500 ,  0.498,  0.443  
 4.310 ,  0.500 ,  0.498,  0.459  
 4.320 ,  0.500 ,  0.498,  0.476  
 4.330 ,  0.500 ,  0.498,  0.494  
 4.340 ,  0.500 ,  0.498,  0.513  
 4.350 ,  0.500 ,  0.498,  0.533  
 4.360 ,  0.500 ,  0.498,  0.554  
 4.370 ,  0.500 ,  0.498,  0.575  
 4.380 ,  0.500 ,  0.498,  0.597  
 4.390 ,  0.500 ,  0.498,  0.643  
 4.410 ,  0.500 ,  0.500,  0.292  
 4.420 ,  0.500 ,  0.500,  0.141  
 4.430 ,  0.500 ,  0.500,  0.104  
 4.440 ,  0.500 ,  0.500,  0.071  
 4.450 ,  0.500 ,  0.500,  0.041  
 4.460 ,  0.500 ,  0.500,  0.014  
 4.470 ,  0.500 ,  0.500, -0.010  
 4.480 ,  0.500 ,  0.500, -0.032  
 4.490 ,  0.500 ,  0.500, -0.051  
 4.510 ,  0.500 ,  0.500, -0.085  
 4.520 ,  0.500 ,  0.500, -0.099  
 4.530 ,  0.500 ,  0.500, -0.112  
 4.540 ,  0.500 ,  0.500, -0.124  
 4.550 ,  0.500 ,  0.500, -0.134  
 4.560 ,  0.500 ,  0.500, -0.143  
 4.570 ,  0.500 ,  0.500, -0.152  
 4.580 ,  0.500 ,  0.500, -0.160  
 4.590 ,  0.500 ,  0.500, -0.166  
 4.610 ,  0.500 ,  0.500, -0.178  
 4.620 ,  0.500 ,  0.500, -0.183  
 4.630 ,  0.500 ,  0.500, -0.188  
 4.640 ,  0.500 ,  0.500, -0.192  
 4.650 ,  0.500 ,  0.500, -0.195  
 4.660 ,  0.500 ,  0.500, -0.198  
 4.670 ,  0.500 ,  0.500, -0.201  
 4.680 ,  0.500 ,  0.500, -0.204  
 4.690 ,  0.500 ,  0.500, -0.206  
 4.700 ,  0.500 ,  0.500, -0.209  
 4.720 ,  0.500 ,  0.500, -0.212  
 4.730 ,  0.500 ,  0.500, -0.214  
 4.740 ,  0.500 ,  0.500, -0.215  
 4.750 ,  0.500 ,  0.500, -0.217  
 4.760 ,  0.500 ,  0.500, -0.218  
 4.770 ,  0.500 ,  0.500, -0.219  
 4.780 ,  0.500 ,  0.500, -0.220  
 4.790 ,  0.500 ,  0.500, -0.220  
 4.800 ,  0.500 ,  0.500, -0.221  
 4.820 ,  0.500 ,  0.500, -0.222  
 4.830 ,  0.500 ,  0.500, -0.223  
 4.840 ,  0.500 ,  0.500, -0.224  
 4.850 ,  0.500 ,  0.500, -0.224  
 4.860 ,  0.500 ,  0.500, -0.224  
 4.870 ,  0.500 ,  0.500, -0.225  
 4.880 ,  0.500 ,  0.500, -0.225  
 4.890 ,  0.500 ,  0.500, -0.225  
 4.900 ,  0.500 ,  0.500, -0.226  
 4.910 ,  0.500 ,  0.500, -0.226  
 4.930 ,  0.500 ,  0.500, -0.226  
 4.940 ,  0.500 ,  0.500, -0.226  
 4.950 ,  0.500 ,  0.500, -0.227  
 4.960 ,  0.500 ,  0.500, -0.227  
 4.970 ,  0.500 ,  0.500, -0.227  
 4.980 ,  0.500 ,  0.500, -0.227  
 4.990 ,  0.500 ,  0.500, -0.227  
 5.000 ,  0.500 ,  0.500, -0.227  
 5.010 ,  0.500 ,  0.500, -0.227  
 5.030 ,  0.500 ,  0.500, -0.227  
 5.040 ,  0.500 ,  0.500, -0.227  
 5.050 ,  0.500 ,  0.500, -0.227  
 5.060 ,  0.500 ,  0.500, -0.227  
 5.070 ,  0.500 ,  0.500, -0.228  
 5.080 ,  0.500 ,  0.500, -0.228  
 5.090 ,  0.500 ,  0.500, -0.228  
 5.100 ,  0.500 ,  0.500, -0.228  
 5.110 ,  0.500 ,  0.500, -0.228  
 5.130 ,  0.500 ,  0.500, -0.228  
 5.140 ,  0.500 ,  0.500, -0.228  
 5.150 ,  0.500 ,  0.500, -0.228  
 5.160 ,  0.500 ,  0.500, -0.228  
 5.170 ,  0.500 ,  0.500, -0.228  
 5.180 ,  0.500 ,  0.500, -0.228  
 5.190 ,  0.500 ,  0.500, -0.228  
 5.200 ,  0.500 ,  0.500, -0.228  
 5.210 ,  0.500 ,  0.500, -0.228  
 5.220 ,  0.500 ,  0.500, -0.228  
 5.240 ,  0.500 ,  0.500, -0.228  
 5.250 ,  0.500 ,  0.500, -0.228  
 5.260 ,  0.500 ,  0.500, -0.228  
 5.270 ,  0.500 ,  0.500, -0.228  
 5.280 ,  0.500 ,  0.500, -0.228  
 5.290 ,  0.500 ,  0.500, -0.228  
 5.300 ,  0.500 ,  0.500, -0.228  
 5.310 ,  0.500 ,  0.500, -0.228  
 5.320 ,  0.500 ,  0.500, -0.228  
 5.340 ,  0.500 ,  0.500, -0.228  
 5.350 ,  0.500 ,  0.500, -0.228  
 5.360 ,  0.500 ,  0.500, -0.228  
 5.370 ,  0.500 ,  0.500, -0.228  
 5.380 ,  0.500 ,  0.500, -0.228  
 5.390 ,  0.500 ,  0.500, -0.228  
 5.400 ,  0.500 ,  0.500, -0.228  
 5.410 ,  0.500 ,  0.500, -0.228  
 5.420 ,  0.500 ,  0.500, -0.228  
 5.430 ,  0.500 ,  0.500, -0.228  
 5.450 ,  0.500 ,  0.500, -0.228  
 5.460 ,  0.500 ,  0.500, -0.228  
 5.470 ,  0.500 ,  0.500, -0.228  
 5.480 ,  0.500 ,  0.500, -0.228  
 5.490 ,  0.500 ,  0.500, -0.228  
 5.500 ,  0.500 ,  0.500, -0.228  
 5.510 ,  0.500 ,  0.500, -0.228  
 5.520 ,  0.500 ,  0.500, -0.228  
 5.530 ,  0.500 ,  0.500, -0.228  
 5.550 ,  0.500 ,  0.500, -0.228  
 5.560 ,  0.500 ,  0.500, -0.228  
 5.570 ,  0.500 ,  0.500, -0.228  
 5.580 ,  0.500 ,  0.500, -0.228  
 5.590 ,  0.500 ,  0.500, -0.228  
 5.600 ,  0.500 ,  0.500, -0.228  
 5.610 ,  0.500 ,  0.500, -0.228  
 5.620 ,  0.500 ,  0.500, -0.228  
 5.630 ,  0.500 ,  0.500, -0.228  
 5.650 ,  0.500 ,  0.500, -0.228  
 5.660 ,  0.500 ,  0.500, -0.228  
 5.670 ,  0.500 ,  0.500, -0.228  
 5.680 ,  0.500 ,  0.500, -0.228  
 5.690 ,  0.500 ,  0.500, -0.228  
 5.700 ,  0.500 ,  0.500, -0.228  
 5.710 ,  0.500 ,  0.500, -0.228  
 5.720 ,  0.500 ,  0.500, -0.228  
 5.730 ,  0.500 ,  0.500, -0.228  
 5.740 ,  0.500 ,  0.500, -0.228  
 5.760 ,  0.500 ,  0.500, -0.228  
 5.770 ,  0.500 ,  0.500, -0.228  
 5.780 ,  0.500 ,  0.500, -0.228  
 5.790 ,  0.500 ,  0.500, -0.228  
 5.800 ,  0.500 ,  0.500, -0.228  
 5.810 ,  0.500 ,  0.500, -0.228  
 5.820 ,  0.500 ,  0.500, -0.228  
 5.830 ,  0.500 ,  0.500, -0.228  
 5.840 ,  0.500 ,  0.500, -0.228  
 5.860 ,  0.500 ,  0.500, -0.228  
 5.870 ,  0.500 ,  0.500, -0.228  
 5.880 ,  0.500 ,  0.500, -0.228  
 5.890 ,  0.500 ,  0.500, -0.228  
 5.900 ,  0.500 ,  0.500, -0.228  
 5.910 ,  0.500 ,  0.500, -0.228  
 5.920 ,  0.500 ,  0.500, -0.228  
 5.930 ,  0.500 ,  0.500, -0.228  
 5.940 ,  0.500 ,  0.500, -0.228  
 5.960 ,  0.500 ,  0.500, -0.228  
 5.970 ,  0.500 ,  0.500, -0.228  
 5.980 ,  0.500 ,  0.500, -0.228  
 5.990 ,  0.500 ,  0.500, -0.228  
 6.000 ,  0.500 ,  0.500, -0.228  
 6.010 ,  0.500 ,  0.500, -0.228  
 6.020 ,  0.500 ,  0.500, -0.228  
 6.030 ,  0.500 ,  0.500, -0.228  
 6.040 ,  0.500 ,  0.500, -0.228  
 6.050 ,  0.500 ,  0.500, -0.228  
 6.070 ,  0.500 ,  0.500, -0.228  
 6.080 ,  0.500 ,  0.500, -0.228  
 6.090 ,  0.500 ,  0.500, -0.228  
 6.100 ,  0.500 ,  0.500, -0.228  
 6.110 ,  0.500 ,  0.500, -0.228  
 6.120 ,  0.500 ,  0.500, -0.228  
 6.130 ,  0.500 ,  0.500, -0.228  
 6.140 ,  0.500 ,  0.500, -0.228  
 6.150 ,  0.500 ,  0.500, -0.228  
 6.170 ,  0.500 ,  0.500, -0.228  
 6.180 ,  0.500 ,  0.500, -0.228  
 6.190 ,  0.500 ,  0.500, -0.228  
 6.200 ,  0.500 ,  0.500, -0.228  
 6.210 ,  0.500 ,  0.500, -0.228  
 6.220 ,  0.500 ,  0.500, -0.228  
 6.230 ,  0.500 ,  0.500, -0.228  
 6.240 ,  0.500 ,  0.500, -0.228  
 6.250 ,  0.500 ,  0.500, -0.228  
 6.270 ,  0.500 ,  0.500, -0.228  
 6.280 ,  0.500 ,  0.500, -0.228  
 6.290 ,  0.500 ,  0.500, -0.228  
 6.300 ,  0.500 ,  0.500, -0.228  
 6.310 ,  0.500 ,  0.500, -0.228  
 6.320 ,  0.500 ,  0.500, -0.228  
 6.330 ,  0.500 ,  0.500, -0.228  
 6.340 ,  0.500 ,  0.500, -0.228  
 6.350 ,  0.500 ,  0.500, -0.228  
 6.360 ,  0.500 ,  0.500, -0.228  
 6.380 ,  0.500 ,  0.500, -0.228  
 6.390 ,  0.500 ,  0.500, -0.228  
 6.400 ,  0.500 ,  0.500, -0.228  
 6.410 ,  0.500 ,  0.500, -0.228  
 6.420 ,  0.500 ,  0.500, -0.228  
 6.430 ,  0.500 ,  0.500, -0.228  
 6.440 ,  0.500 ,  0.500, -0.228  
 6.450 ,  0.500 ,  0.500, -0.228  
 6.460 ,  0.500 ,  0.500, -0.228  
 6.480 ,  0.500 ,  0.500, -0.228  
 6.490 ,  0.500 ,  0.500, -0.228  
 6.500 ,  0.500 ,  0.500, -0.228  
 6.510 ,  0.500 ,  0.500, -0.228  
 6.520 ,  0.500 ,  0.500, -0.228  
 6.530 ,  0.500 ,  0.500, -0.228  
 6.540 ,  0.500 ,  0.500, -0.228  
 6.550 ,  0.500 ,  0.500, -0.228  
 6.560 ,  0.500 ,  0.500, -0.228  
 6.570 ,  0.500 ,  0.500, -0.228  
 6.590 ,  0.500 ,  0.500, -0.228  
 6.600 ,  0.500 ,  0.500, -0.228  
 6.610 ,  0.500 ,  0.500, -0.228  
 6.620 ,  0.500 ,  0.500, -0.228  
 6.630 ,  0.500 ,  0.500, -0.228  
 6.640 ,  0.500 ,  0.500, -0.228  
 6.650 ,  0.500 ,  0.500, -0.228  
 6.660 ,  0.500 ,  0.500, -0.228  
 6.670 ,  0.500 ,  0.500, -0.228  
 6.690 ,  0.500 ,  0.500, -0.228  
 6.700 ,  0.500 ,  0.500, -0.228  
 6.710 ,  0.500 ,  0.500, -0.228  
 6.720 ,  0.500 ,  0.500, -0.228  
 6.730 ,  0.500 ,  0.500, -0.228  
 6.740 ,  0.500 ,  0.500, -0.228  
 6.750 ,  0.500 ,  0.500, -0.228  
 6.760 ,  0.500 ,  0.500, -0.228  
 6.770 ,  0.500 ,  0.500, -0.228  
 6.790 ,  0.500 ,  0.500, -0.228  
 6.800 ,  0.500 ,  0.500, -0.228  
 6.810 ,  0.500 ,  0.500, -0.228  
 6.820 ,  0.500 ,  0.500, -0.228  
 6.830 ,  0.500 ,  0.500, -0.228  
 6.840 ,  0.500 ,  0.500, -0.228  
 6.850 ,  0.500 ,  0.500, -0.228  
 6.860 ,  0.500 ,  0.500, -0.228  
 6.870 ,  0.500 ,  0.500, -0.228  
 6.880 ,  0.500 ,  0.500, -0.228  
 6.900 ,  0.500 ,  0.500, -0.228  
 6.910 ,  0.500 ,  0.500, -0.228  
 6.920 ,  0.500 ,  0.500, -0.228  
 6.930 ,  0.500 ,  0.500, -0.228  
 6.940 ,  0.500 ,  0.500, -0.228  
 6.950 ,  0.500 ,  0.500, -0.228  
 6.960 ,  0.500 ,  0.500, -0.228  
 6.970 ,  0.500 ,  0.500, -0.228  
 6.980 ,  0.500 ,  0.500, -0.228  
 7.000 ,  0.500 ,  0.500, -0.228  
 7.010 ,  0.500 ,  0.500, -0.228  
 7.020 ,  0.500 ,  0.500, -0.228  
 7.030 ,  0.500 ,  0.500, -0.228  
 7.040 ,  0.500 ,  0.500, -0.228  
 7.050 ,  0.500 ,  0.500, -0.228  
 7.060 ,  0.500 ,  0.500, -0.228  
 7.070 ,  0.500 ,  0.500, -0.228  
 7.080 ,  0.500 ,  0.500, -0.228  
 7.100 ,  0.500 ,  0.500, -0.228  
 7.110 ,  0.500 ,  0.500, -0.228  
 7.120 ,  0.500 ,  0.500, -0.228  
 7.130 ,  0.500 ,  0.500, -0.228  
 7.140 ,  0.500 ,  0.500, -0.228  
 7.150 ,  0.500 ,  0.500, -0.228  
 7.160 ,  0.500 ,  0.500, -0.228  
 7.170 ,  0.500 ,  0.500, -0.228  
 7.180 ,  0.500 ,  0.500, -0.228  
 7.190 ,  0.500 ,  0.500, -0.228  
 7.210 ,  0.500 ,  0.500, -0.228  
 7.220 ,  0.500 ,  0.500, -0.228  
 7.230 ,  0.500 ,  0.500, -0.228  
 7.240 ,  0.500 ,  0.500, -0.228  
 7.250 ,  0.500 ,  0.500, -0.228  
 7.260 ,  0.500 ,  0.500, -0.228  
 7.270 ,  0.500 ,  0.500, -0.228  
 7.280 ,  0.500 ,  0.500, -0.228  
 7.290 ,  0.500 ,  0.500, -0.228  
 7.310 ,  0.500 ,  0.500, -0.228  
 7.320 ,  0.500 ,  0.500, -0.228  
 7.330 ,  0.500 ,  0.500, -0.228  
 7.340 ,  0.500 ,  0.500, -0.228  
 7.350 ,  0.500 ,  0.500, -0.228  
 7.360 ,  0.500 ,  0.500, -0.228  
 7.370 ,  0.500 ,  0.500, -0.228  
 7.380 ,  0.500 ,  0.500, -0.228  
 7.390 ,  0.500 ,  0.500, -0.228  
 7.400 ,  0.500 ,  0.500, -0.228  
 7.420 ,  0.500 ,  0.500, -0.228  
 7.430 ,  0.500 ,  0.500, -0.228  
 7.440 ,  0.500 ,  0.500, -0.228  
 7.450 ,  0.500 ,  0.500, -0.228  
 7.460 ,  0.500 ,  0.500, -0.228  
 7.470 ,  0.500 ,  0.500, -0.228  
 7.480 ,  0.500 ,  0.500, -0.228  
 7.490 ,  0.500 ,  0.500, -0.228  
 7.500 ,  0.500 ,  0.500, -0.228  
 7.520 ,  0.500 ,  0.500, -0.228  
 7.530 ,  0.500 ,  0.500, -0.228  
 7.540 ,  0.500 ,  0.500, -0.228  
 7.550 ,  0.500 ,  0.500, -0.228  
 7.560 ,  0.500 ,  0.500, -0.228  
 7.570 ,  0.500 ,  0.500, -0.228  
 7.580 ,  0.500 ,  0.500, -0.228  
 7.590 ,  0.500 ,  0.500, -0.228  
 7.600 ,  0.500 ,  0.500, -0.228  
 7.620 ,  0.500 ,  0.500, -0.228  
 7.630 ,  0.500 ,  0.500, -0.228  
 7.640 ,  0.500 ,  0.500, -0.228  
 7.650 ,  0.500 ,  0.500, -0.228  
 7.660 ,  0.500 ,  0.500, -0.228  
 7.670 ,  0.500 ,  0.500, -0.228  
 7.680 ,  0.500 ,  0.500, -0.228  
 7.690 ,  0.500 ,  0.500, -0.228  
 7.700 ,  0.500 ,  0.500, -0.228  
 7.710 ,  0.500 ,  0.500, -0.228  
 7.730 ,  0.500 ,  0.500, -0.228  
 7.740 ,  0.500 ,  0.500, -0.228  
 7.750 ,  0.500 ,  0.500, -0.228  
 7.760 ,  0.500 ,  0.500, -0.228  
 7.770 ,  0.500 ,  0.500, -0.228  
 7.780 ,  0.500 ,  0.500, -0.228  
 7.790 ,  0.500 ,  0.500, -0.228  
 7.800 ,  0.500 ,  0.500, -0.228  
 7.810 ,  0.500 ,  0.500, -0.228  
 7.830 ,  0.500 ,  0.500, -0.228  
 7.840 ,  0.500 ,  0.500, -0.228  
 7.850 ,  0.500 ,  0.500, -0.228  
 7.860 ,  0.500 ,  0.500, -0.228  
 7.870 ,  0.500 ,  0.500, -0.228  
 7.880 ,  0.500 ,  0.500, -0.228  
 7.890 ,  0.500 ,  0.500, -0.228  
 7.900 ,  0.500 ,  0.500, -0.228  
 7.910 ,  0.500 ,  0.500, -0.228  
 7.930 ,  0.500 ,  0.500, -0.228  
 7.940 ,  0.500 ,  0.500, -0.228  
 7.950 ,  0.500 ,  0.500, -0.228  
 7.960 ,  0.500 ,  0.500, -0.228  
 7.970 ,  0.500 ,  0.500, -0.228  
 7.980 ,  0.500 ,  0.500, -0.228  
 7.990 ,  0.500 ,  0.500, -0.228  
 8.000 ,  0.500 ,  0.500, -0.228  
 8.010 ,  0.500 ,  0.500, -0.228  
 8.020 ,  0.500 ,  0.500, -0.228  
 8.040 ,  0.500 ,  0.500, -0.228  
 8.050 ,  0.500 ,  0.500, -0.228  
 8.060 ,  0.500 ,  0.500, -0.228  
 8.070 ,  0.500 ,  0.500, -0.228  
 8.080 ,  0.500 ,  0.500, -0.228  
 8.090 ,  0.500 ,  0.500, -0.228  
 8.100 ,  0.500 ,  0.500, -0.228  
 8.110 ,  0.500 ,  0.500, -0.228  
 8.120 ,  0.500 ,  0.500, -0.228  
 8.140 ,  0.500 ,  0.500, -0.228  
 8.150 ,  0.500 ,  0.500, -0.228  
 8.160 ,  0.500 ,  0.500, -0.228  
 8.170 ,  0.500 ,  0.500, -0.228  
 8.180 ,  0.500 ,  0.500, -0.228  
 8.190 ,  0.500 ,  0.500, -0.228  
 8.200 ,  0.500 ,  0.500, -0.228  
 8.210 ,  0.500 ,  0.500, -0.228  
 8.220 ,  0.500 ,  0.500, -0.228  
 8.240 ,  0.500 ,  0.500, -0.228  
 8.250 ,  0.500 ,  0.500, -0.228  
 8.260 ,  0.500 ,  0.500, -0.228  
 8.270 ,  0.500 ,  0.500, -0.228  
 8.280 ,  0.500 ,  0.500, -0.228  
 8.290 ,  0.500 ,  0.500, -0.228  
 8.300 ,  0.500 ,  0.500, -0.228  
 8.310 ,  0.500 ,  0.500, -0.228  
 8.320 ,  0.500 ,  0.500, -0.228  
 8.330 ,  0.500 ,  0.500, -0.228  
 8.350 ,  0.500 ,  0.500, -0.228  
 8.360 ,  0.500 ,  0.500, -0.228  
 8.370 ,  0.500 ,  0.500, -0.228  
 8.380 ,  0.500 ,  0.500, -0.228  
 8.390 ,  0.500 ,  0.500, -0.228  
 8.400 ,  0.500 ,  0.500, -0.228  
 8.410 ,  0.500 ,  0.500, -0.228  
 8.420 ,  0.500 ,  0.500, -0.228  
 8.430 ,  0.500 ,  0.500, -0.228  
 8.450 ,  0.500 ,  0.500, -0.228  
 8.460 ,  0.500 ,  0.500, -0.228  
 8.470 ,  0.500 ,  0.500, -0.228  
 8.480 ,  0.500 ,  0.500, -0.228  
 8.490 ,  0.500 ,  0.500, -0.228  
 8.500 ,  0.500 ,  0.500, -0.228  
 8.510 ,  0.500 ,  0.500, -0.228  
 8.520 ,  0.500 ,  0.500, -0.228  
 8.530 ,  0.500 ,  0.500, -0.228  
 8.540 ,  0.500 ,  0.500, -0.228  
 8.560 ,  0.500 ,  0.500, -0.228  
 8.570 ,  0.500 ,  0.500, -0.228  
 8.580 ,  0.500 ,  0.500, -0.228  
 8.590 ,  0.500 ,  0.500, -0.228  
 8.600 ,  0.500 ,  0.500, -0.228  
 8.610 ,  0.500 ,  0.500, -0.228  
 8.620 ,  0.500 ,  0.500, -0.228  
 8.630 ,  0.500 ,  0.500, -0.228  
 8.640 ,  0.500 ,  0.500, -0.228  
 8.660 ,  0.500 ,  0.500, -0.228  
 8.670 ,  0.500 ,  0.500, -0.228  
 8.680 ,  0.500 ,  0.500, -0.228  
 8.690 ,  0.500 ,  0.500, -0.228  
 8.700 ,  0.500 ,  0.500, -0.228  
 8.710 ,  0.500 ,  0.500, -0.228  
 8.720 ,  0.500 ,  0.500, -0.228  
 8.730 ,  0.500 ,  0.500, -0.228  
 8.740 ,  0.500 ,  0.500, -0.228  
 8.760 ,  0.500 ,  0.500, -0.228  
 8.770 ,  0.500 ,  0.500, -0.228  
 8.780 ,  0.500 ,  0.500, -0.228  
 8.790 ,  0.500 ,  0.500, -0.228  
 8.800 ,  0.500 ,  0.500, -0.228  
 8.810 ,  0.500 ,  0.500, -0.228  
 8.820 ,  0.500 ,  0.500, -0.228  
 8.830 ,  0.500 ,  0.500, -0.228  
 8.840 ,  0.500 ,  0.500, -0.228  
 8.850 ,  0.500 ,  0.500, -0.228  
 8.870 ,  0.500 ,  0.500, -0.228  
 8.880 ,  0.500 ,  0.500, -0.228  
 8.890 ,  0.500 ,  0.500, -0.228  
 8.900 ,  0.500 ,  0.500, -0.228  
 8.910 ,  0.500 ,  0.500, -0.228  
 8.920 ,  0.500 ,  0.500, -0.228  
 8.930 ,  0.500 ,  0.500, -0.228  
 8.940 ,  0.500 ,  0.500, -0.228  
 8.950 ,  0.500 ,  0.500, -0.228  
 8.970 ,  0.500 ,  0.500, -0.228  
 8.980 ,  0.500 ,  0.500, -0.228  
 8.990 ,  0.500 ,  0.500, -0.228  
 9.000 ,  0.500 ,  0.500, -0.228  
 9.010 ,  0.500 ,  0.500, -0.228  
 9.020 ,  0.500 ,  0.500, -0.228  
 9.030 ,  0.500 ,  0.500, -0.228  
 9.040 ,  0.500 ,  0.500, -0.228  
 9.050 ,  0.500 ,  0.500, -0.228  
 9.070 ,  0.500 ,  0.500, -0.228  
 9.080 ,  0.500 ,  0.500, -0.228  
 9.090 ,  0.500 ,  0.500, -0.228  
 9.100 ,  0.500 ,  0.500, -0.228  
 9.110 ,  0.500 ,  0.500, -0.228  
 9.120 ,  0.500 ,  0.500, -0.228  
 9.130 ,  0.500 ,  0.500, -0.228  
 9.140 ,  0.500 ,  0.500, -0.228  
 9.150 ,  0.500 ,  0.500, -0.228  
 9.160 ,  0.500 ,  0.500, -0.228  
 9.180 ,  0.500 ,  0.500, -0.228  
 9.190 ,  0.500 ,  0.500, -0.228  
 9.200 ,  0.500 ,  0.500, -0.228  
 9.210 ,  0.500 ,  0.500, -0.228  
 9.220 ,  0.500 ,  0.500, -0.228  
 9.230 ,  0.500 ,  0.500, -0.228  
 9.240 ,  0.500 ,  0.500, -0.228  
 9.250 ,  0.500 ,  0.500, -0.228  
 9.260 ,  0.500 ,  0.500, -0.228  
 9.280 ,  0.500 ,  0.500, -0.228  
 9.290 ,  0.500 ,  0.500, -0.228  
 9.300 ,  0.500 ,  0.500, -0.228  
 9.310 ,  0.500 ,  0.500, -0.228  
 9.320 ,  0.500 ,  0.500, -0.228  
 9.330 ,  0.500 ,  0.500, -0.228  
 9.340 ,  0.500 ,  0.500, -0.228  
 9.350 ,  0.500 ,  0.500, -0.228  
 9.360 ,  0.500 ,  0.500, -0.228  
 9.380 ,  0.500 ,  0.500, -0.228  
 9.390 ,  0.500 ,  0.500, -0.228  
 9.400 ,  0.500 ,  0.500, -0.228  
 9.410 ,  0.500 ,  0.500, -0.228  
 9.420 ,  0.500 ,  0.500, -0.228  
 9.430 ,  0.500 ,  0.500, -0.228  
 9.440 ,  0.500 ,  0.500, -0.228  
 9.450 ,  0.500 ,  0.500, -0.228  
 9.460 ,  0.500 ,  0.500, -0.228  
 9.470 ,  0.500 ,  0.500, -0.228  
 9.490 ,  0.500 ,  0.500, -0.228  
 9.500 ,  0.500 ,  0.500, -0.228  
 9.510 ,  0.500 ,  0.500, -0.228  
 9.520 ,  0.500 ,  0.500, -0.228  
 9.530 ,  0.500 ,  0.500, -0.228  
 9.540 ,  0.500 ,  0.500, -0.228  
 9.550 ,  0.500 ,  0.500, -0.228  
 9.560 ,  0.500 ,  0.500, -0.228  
 9.570 ,  0.500 ,  0.500, -0.228  
 9.590 ,  0.500 ,  0.500, -0.228  
 9.600 ,  0.500 ,  0.500, -0.228  
 9.610 ,  0.500 ,  0.500, -0.228  
 9.620 ,  0.500 ,  0.500, -0.228  
 9.630 ,  0.500 ,  0.500, -0.228  
 9.640 ,  0.500 ,  0.500, -0.228  
 9.650 ,  0.500 ,  0.500, -0.228  
 9.660 ,  0.500 ,  0.500, -0.228  
 9.670 ,  0.500 ,  0.500, -0.228  
 9.680 ,  0.500 ,  0.500, -0.228  
 9.700 ,  0.500 ,  0.500, -0.228  
 9.710 ,  0.500 ,  0.500, -0.228  
 9.720 ,  0.500 ,  0.500, -0.228  
 9.730 ,  0.500 ,  0.500, -0.228  
 9.740 ,  0.500 ,  0.500, -0.228  
 9.750 ,  0.500 ,  0.500, -0.228  
 9.760 ,  0.500 ,  0.500, -0.228  
 9.770 ,  0.500 ,  0.500, -0.228  
 9.780 ,  0.500 ,  0.500, -0.228  
 9.800 ,  0.500 ,  0.500, -0.228  
 9.810 ,  0.500 ,  0.500, -0.228  
 9.820 ,  0.500 ,  0.500, -0.228  
 9.830 ,  0.500 ,  0.500, -0.228  
 9.840 ,  0.500 ,  0.500, -0.228  
 9.850 ,  0.500 ,  0.500, -0.228  
 9.860 ,  0.500 ,  0.500, -0.228  
 9.870 ,  0.500 ,  0.500, -0.228  
 9.880 ,  0.500 ,  0.500, -0.228  
 9.900 ,  0.500 ,  0.500, -0.228  
 9.910 ,  0.500 ,  0.500, -0.228  
 9.920 ,  0.500 ,  0.500, -0.228  
 9.930 ,  0.500 ,  0.500, -0.228  
 9.940 ,  0.500 ,  0.500, -0.228  
 9.950 ,  0.500 ,  0.500, -0.228  
 9.960 ,  0.500 ,  0.500, -0.228  
 9.970 ,  0.500 ,  0.500, -0.228  
 9.980 ,  0.500 ,  0.500, -0.228  
 9.990 ,  0.500 ,  0.500, -0.228  
10.010 ,  0.500 ,  0.500, -0.228  
10.020 ,  0.500 ,  0.500, -0.228  
10.030 ,  0.500 ,  0.500, -0.228  
10.040 ,  0.500 ,  0.500, -0.228  
10.050 ,  0.500 ,  0.500, -0.228  
10.060 ,  0.500 ,  0.500, -0.228  
10.070 ,  0.500 ,  0.500, -0.228  
10.080 ,  0.500 ,  0.500, -0.228  
10.090 ,  0.500 ,  0.500, -0.228  
10.110 ,  0.500 ,  0.500, -0.228  
10.120 ,  0.500 ,  0.500, -0.228  
10.130 ,  0.500 ,  0.500, -0.228  
10.140 ,  0.500 ,  0.500, -0.228  
10.150 ,  0.500 ,  0.500, -0.228  
10.160 ,  0.500 ,  0.500, -0.228  
10.170 ,  0.500 ,  0.500, -0.228  
10.180 ,  0.500 ,  0.500, -0.228  
10.190 ,  0.500 ,  0.500, -0.228  
10.210 ,  0.500 ,  0.500, -0.228  
10.220 ,  0.500 ,  0.500, -0.228  
10.230 ,  0.500 ,  0.500, -0.228  
10.240 ,  0.500 ,  0.500, -0.228  
10.250 ,  0.500 ,  0.500, -0.228  
10.260 ,  0.500 ,  0.500, -0.228  
10.270 ,  0.500 ,  0.500, -0.228  
10.280 ,  0.500 ,  0.500, -0.228  
10.290 ,  0.500 ,  0.500, -0.228  
10.300 ,  0.500 ,  0.500, -0.228  
10.320 ,  0.500 ,  0.500, -0.228  
10.330 ,  0.500 ,  0.500, -0.228  
10.340 ,  0.500 ,  0.500, -0.228  
10.350 ,  0.500 ,  0.500, -0.228  
10.360 ,  0.500 ,  0.500, -0.228  
10.370 ,  0.500 ,  0.500, -0.228  
10.380 ,  0.500 ,  0.500, -0.228  
10.390 ,  0.500 ,  0.500, -0.228  
10.400 ,  0.500 ,  0.500, -0.228  
10.420 ,  0.500 ,  0.500, -0.228  
10.430 ,  0.500 ,  0.500, -0.228  
10.440 ,  0.500 ,  0.500, -0.228  
10.450 ,  0.500 ,  0.500, -0.228  
10.460 ,  0.500 ,  0.500, -0.228  
10.470 ,  0.500 ,  0.500, -0.228  
10.480 ,  0.500 ,  0.500, -0.228  
10.490 ,  0.500 ,  0.500, -0.228  
10.500 ,  0.500 ,  0.500, -0.228  
10.510 ,  0.500 ,  0.500, -0.228  
10.530 ,  0.500 ,  0.500, -0.228  
10.540 ,  0.500 ,  0.500, -0.228  
10.550 ,  0.500 ,  0.500, -0.228  
10.560 ,  0.500 ,  0.500, -0.228  
10.570 ,  0.500 ,  0.500, -0.228  
10.580 ,  0.500 ,  0.500, -0.228  
10.590 ,  0.500 ,  0.500, -0.228  
10.600 ,  0.500 ,  0.500, -0.228  
10.610 ,  0.500 ,  0.500, -0.228  
10.630 ,  0.500 ,  0.500, -0.228  
10.640 ,  0.500 ,  0.500, -0.228  
10.650 ,  0.500 ,  0.500, -0.228  
10.660 ,  0.500 ,  0.500, -0.228  
10.670 ,  0.500 ,  0.500, -0.228  
10.680 ,  0.500 ,  0.500, -0.228  
10.690 ,  0.500 ,  0.500, -0.228  
10.700 ,  0.500 ,  0.500, -0.228  
10.710 ,  0.500 ,  0.500, -0.228  
10.730 ,  0.500 ,  0.500, -0.228  
10.740 ,  0.500 ,  0.500, -0.228  
10.750 ,  0.500 ,  0.500, -0.228  
10.760 ,  0.500 ,  0.500, -0.228  
10.770 ,  0.500 ,  0.500, -0.228  
10.780 ,  0.500 ,  0.500, -0.228  
10.790 ,  0.500 ,  0.500, -0.228  
10.800 ,  0.500 ,  0.500, -0.228  
10.810 ,  0.500 ,  0.500, -0.228  
10.820 ,  0.500 ,  0.500, -0.228  
10.840 ,  0.500 ,  0.500, -0.228  
10.850 ,  0.500 ,  0.500, -0.228  
10.860 ,  0.500 ,  0.500, -0.228  
10.870 ,  0.500 ,  0.500, -0.228  
10.880 ,  0.500 ,  0.500, -0.228  
10.890 ,  0.500 ,  0.500, -0.228  
10.900 ,  0.500 ,  0.500, -0.228  
10.910 ,  0.500 ,  0.500, -0.228  
10.920 ,  0.500 ,  0.500, -0.228  
10.940 ,  0.500 ,  0.500, -0.228  
10.950 ,  0.500 ,  0.500, -0.228  
10.960 ,  0.500 ,  0.500, -0.228  
10.970 ,  0.500 ,  0.500, -0.228  
10.980 ,  0.500 ,  0.500, -0.228  
10.990 ,  0.500 ,  0.500, -0.228  
11.000 ,  0.500 ,  0.500, -0.228  
11.010 ,  0.500 ,  0.500, -0.228  
11.020 ,  0.500 ,  0.500, -0.228  
11.040 ,  0.500 ,  0.500, -0.228  
11.050 ,  0.500 ,  0.500, -0.228  
11.060 ,  0.500 ,  0.500, -0.228  
11.070 ,  0.500 ,  0.500, -0.228  
11.080 ,  0.500 ,  0.500, -0.228  
11.090 ,  0.500 ,  0.500, -0.228  
11.100 ,  0.500 ,  0.500, -0.228  
11.110 ,  0.500 ,  0.500, -0.228  
11.120 ,  0.500 ,  0.500, -0.228  
11.130 ,  0.500 ,  0.500, -0.228  
11.150 ,  0.500 ,  0.500, -0.228  
11.160 ,  0.500 ,  0.500, -0.228  
11.170 ,  0.500 ,  0.500, -0.228  
11.180 ,  0.500 ,  0.500, -0.228  
11.190 ,  0.500 ,  0.500, -0.228  
11.200 ,  0.500 ,  0.500, -0.228  
11.210 ,  0.500 ,  0.500, -0.228  
11.220 ,  0.500 ,  0.500, -0.228  
11.230 ,  0.500 ,  0.500, -0.228  
11.250 ,  0.500 ,  0.500, -0.228  
11.260 ,  0.500 ,  0.500, -0.228  
11.270 ,  0.500 ,  0.500, -0.228  
11.280 ,  0.500 ,  0.500, -0.228  
11.290 ,  0.500 ,  0.500, -0.228  
11.300 ,  0.500 ,  0.500, -0.228  
11.310 ,  0.500 ,  0.500, -0.228  
11.320 ,  0.500 ,  0.500, -0.228  
11.330 ,  0.500 ,  0.500, -0.228  
11.340 ,  0.500 ,  0.500, -0.228  
11.360 ,  0.500 ,  0.500, -0.228  
11.370 ,  0.500 ,  0.500, -0.228  
11.380 ,  0.500 ,  0.500, -0.228  
11.390 ,  0.500 ,  0.500, -0.228  
11.400 ,  0.500 ,  0.500, -0.228  
11.410 ,  0.500 ,  0.500, -0.228  
11.420 ,  0.500 ,  0.500, -0.228  
11.430 ,  0.500 ,  0.500, -0.228  
11.440 ,  0.500 ,  0.500, -0.228  
11.460 ,  0.500 ,  0.500, -0.228  
11.470 ,  0.500 ,  0.500, -0.228  
11.480 ,  0.500 ,  0.500, -0.228  
11.490 ,  0.500 ,  0.500, -0.228  
11.500 ,  0.500 ,  0.500, -0.228  
11.510 ,  0.500 ,  0.500, -0.228  
11.520 ,  0.500 ,  0.500, -0.228  
11.530 ,  0.500 ,  0.500, -0.228  
11.540 ,  0.500 ,  0.500, -0.228  
11.560 ,  0.500 ,  0.500, -0.228  
11.570 ,  0.500 ,  0.500, -0.228  
11.580 ,  0.500 ,  0.500, -0.228  
11.590 ,  0.500 ,  0.500, -0.228  
11.600 ,  0.500 ,  0.500, -0.228  
11.610 ,  0.500 ,  0.500, -0.228  
11.620 ,  0.500 ,  0.500, -0.228  
11.630 ,  0.500 ,  0.500, -0.228  
11.640 ,  0.500 ,  0.500, -0.228  
11.650 ,  0.500 ,  0.500, -0.228  
11.670 ,  0.500 ,  0.500, -0.228  
11.680 ,  0.500 ,  0.500, -0.228  
11.690 ,  0.500 ,  0.500, -0.228  
11.700 ,  0.500 ,  0.500, -0.228  
11.710 ,  0.500 ,  0.500, -0.228  
11.720 ,  0.500 ,  0.500, -0.228  
11.730 ,  0.500 ,  0.500, -0.228  
11.740 ,  0.500 ,  0.500, -0.228  
11.750 ,  0.500 ,  0.500, -0.228  
11.770 ,  0.500 ,  0.500, -0.228  
11.780 ,  0.500 ,  0.500, -0.228  
11.790 ,  0.500 ,  0.500, -0.228  
11.800 ,  0.500 ,  0.500, -0.228  
11.810 ,  0.500 ,  0.500, -0.228  
11.820 ,  0.500 ,  0.500, -0.228  
11.830 ,  0.500 ,  0.500, -0.228  
11.840 ,  0.500 ,  0.500, -0.228  
11.850 ,  0.500 ,  0.500, -0.228  
11.870 ,  0.500 ,  0.500, -0.228  
11.880 ,  0.500 ,  0.500, -0.228  
11.890 ,  0.500 ,  0.500, -0.228  
11.900 ,  0.500 ,  0.500, -0.228  
11.910 ,  0.500 ,  0.500, -0.228  
11.920 ,  0.500 ,  0.500, -0.228  
11.930 ,  0.500 ,  0.500, -0.228  
11.940 ,  0.500 ,  0.500, -0.228  
11.950 ,  0.500 ,  0.500, -0.228  
11.960 ,  0.500 ,  0.500, -0.228  
11.980 ,  0.500 ,  0.500, -0.228  
11.990 ,  0.500 ,  0.500, -0.228  
12.000 ,  0.000 ,  0.500, -0.228  
12.010 ,  0.000 ,  0.498, -30.208  
12.020 ,  0.000 ,  0.492, -29.609  
12.030 ,  0.000 ,  0.483, -27.844  
12.040 ,  0.000 ,  0.468, -25.624  
12.050 ,  0.000 ,  0.454, -22.739  
12.060 ,  0.000 ,  0.436, -19.710  
12.080 ,  0.000 ,  0.419, -13.727  
12.090 ,  0.000 ,  0.402, -10.760  
12.100 ,  0.000 ,  0.386, -10.442  
12.110 ,  0.000 ,  0.369, -9.874  
12.120 ,  0.000 ,  0.352, -8.565  
12.130 ,  0.000 ,  0.338, -6.940  
12.140 ,  0.000 ,  0.323, -5.557  
12.150 ,  0.000 ,  0.310, -3.861  
12.160 ,  0.000 ,  0.299, -2.584  
12.180 ,  0.000 ,  0.292, -1.193  
12.190 ,  0.000 ,  0.287, -1.479  
12.200 ,  0.000 ,  0.283, -2.392  
12.210 ,  0.000 ,  0.280, -3.512  
12.220 ,  0.000 ,  0.275, -4.360  
12.230 ,  0.000 ,  0.272, -5.332  
12.240 ,  0.000 ,  0.265, -6.398  
12.250 ,  0.000 ,  0.259, -6.752  
12.260 ,  0.000 ,  0.248, -6.836  
12.270 ,  0.000 ,  0.239, -6.266  
12.290 ,  0.000 ,  0.227, -4.313  
12.300 ,  0.000 ,  0.218, -3.073  
12.310 ,  0.000 ,  0.211, -2.037  
12.320 ,  0.000 ,  0.204, -1.359  
12.330 ,  0.000 ,  0.200, -1.097  
12.340 ,  0.000 ,  0.196, -0.932  
12.350 ,  0.000 ,  0.194, -1.517  
12.360 ,  0.000 ,  0.191, -2.021  
12.370 ,  0.000 ,  0.189, -2.849  
12.380 ,  0.000 ,  0.186, -3.484  
12.400 ,  0.000 ,  0.181, -4.255  
12.410 ,  0.000 ,  0.175, -4.319  
12.420 ,  0.000 ,  0.171, -4.142  
12.430 ,  0.000 ,  0.166, -4.210  
12.440 ,  0.000 ,  0.160, -4.156  
12.450 ,  0.000 ,  0.154, -3.626  
12.460 ,  0.000 ,  0.150, -3.261  
12.470 ,  0.000 ,  0.144, -2.931  
12.480 ,  0.000 ,  0.138, -2.170  
12.490 ,  0.000 ,  0.133, -1.016  
12.510 ,  0.000 ,  0.130, -0.775  
12.520 ,  0.000 ,  0.128, -0.999  
12.530 ,  0.000 ,  0.126, -1.371  
12.540 ,  0.000 ,  0.124, -1.792  
12.550 ,  0.000 ,  0.123, -1.882  
12.560 ,  0.000 ,  0.120, -2.232  
12.570 ,  0.000 ,  0.117, -2.519  
12.580 ,  0.000 ,  0.114, -2.759  
12.590 ,  0.000 ,  0.110, -2.620  
12.610 ,  0.000 ,  0.106, -2.148  
12.620 ,  0.000 ,  0.102, -1.981  
12.630 ,  0.000 ,  0.100, -1.592  
12.640 ,  0.000 ,  0.097, -1.651  
12.650 ,  0.000 ,  0.094, -1.681  
12.660 ,  0.000 ,  0.091, -1.468  
12.670 ,  0.000 ,  0.090, -1.542  
12.680 ,  0.000 ,  0.087, -1.348  
12.690 ,  0.000 ,  0.085, -1.391  
12.700 ,  0.000 ,  0.082, -1.349  
12.720 ,  0.000 ,  0.081, -1.301  
12.730 ,  0.000 ,  0.079, -1.411  
12.740 ,  0.000 ,  0.078, -1.525  
12.750 ,  0.000 ,  0.075, -1.641  
12.760 ,  0.000 ,  0.073, -1.381  
12.770 ,  0.000 ,  0.070, -1.342  
12.780 ,  0.000 ,  0.069, -1.392  
12.790 ,  0.000 ,  0.067, -1.439  
12.800 ,  0.000 ,  0.064, -1.106  
12.810 ,  0.000 ,  0.063, -0.990  
12.830 ,  0.000 ,  0.061, -0.922  
12.840 ,  0.000 ,  0.060, -0.876  
12.850 ,  0.000 ,  0.058, -1.008  
12.860 ,  0.000 ,  0.058, -1.203  
12.870 ,  0.000 ,  0.056, -1.228  
12.880 ,  0.000 ,  0.055, -1.191  
12.890 ,  0.000 ,  0.053, -1.136  
12.900 ,  0.000 ,  0.052, -1.064  
12.910 ,  0.000 ,  0.050, -0.974  
12.920 ,  0.000 ,  0.049, -0.865  
12.940 ,  0.000 ,  0.048, -1.039  
12.950 ,  0.000 ,  0.046, -0.975  
12.960 ,  0.000 ,  0.045, -0.842  
12.970 ,  0.000 ,  0.043, -1.060  
12.980 ,  0.000 ,  0.043, -1.031  
12.990 ,  0.000 ,  0.042, -0.884  
13.000 ,  0.000 ,  0.040, -0.898  
13.010 ,  0.000 ,  0.039, -0.961  
13.020 ,  0.000 ,  0.038, -0.839  
13.030 ,  0.000 ,  0.037, -0.644  
13.050 ,  0.000 ,  0.036, -0.692  
13.060 ,  0.000 ,  0.036, -0.843  
13.070 ,  0.000 ,  0.034, -0.740  
13.080 ,  0.000 ,  0.034, -0.888  
13.090 ,  0.000 ,  0.033, -0.779  
13.100 ,  0.000 ,  0.031, -0.920  
13.110 ,  0.000 ,  0.031, -0.803  
13.120 ,  0.000 ,  0.030, -0.934  
13.130 ,  0.000 ,  0.029, -0.806  
13.140 ,  0.000 ,  0.028, -0.551  
13.160 ,  0.000 ,  0.027, -0.645  
13.170 ,  0.000 ,  0.027, -0.604  
13.180 ,  0.000 ,  0.027, -0.743  
13.190 ,  0.000 ,  0.025, -0.574  
13.200 ,  0.000 ,  0.025, -0.650  
13.210 ,  0.000 ,  0.024, -0.837  
13.220 ,  0.000 ,  0.024, -0.670  
13.230 ,  0.000 ,  0.022, -0.744  
13.240 ,  0.000 ,  0.022, -0.554  
13.250 ,  0.000 ,  0.022, -0.606  
13.270 ,  0.000 ,  0.021, -0.496  
13.280 ,  0.000 ,  0.021, -0.588  
13.290 ,  0.000 ,  0.020, -0.555  
13.300 ,  0.000 ,  0.019, -0.463  
13.310 ,  0.000 ,  0.019, -0.545  
13.320 ,  0.000 ,  0.019, -0.688  
13.330 ,  0.000 ,  0.018, -0.846  
13.340 ,  0.000 ,  0.018, -0.643  
13.350 ,  0.000 ,  0.018, -0.677  
13.360 ,  0.000 ,  0.016, -0.628  
13.380 ,  0.000 ,  0.016, -0.578  
13.390 ,  0.000 ,  0.016, -0.510  
13.400 ,  0.000 ,  0.015, -0.380  
13.410 ,  0.000 ,  0.015, -0.421  
13.420 ,  0.000 ,  0.015, -0.520  
13.430 ,  0.000 ,  0.013, -0.445  
13.440 ,  0.000 ,  0.013, -0.306  
13.450 ,  0.000 ,  0.013, -0.337  
13.460 ,  0.000 ,  0.013, -0.425  
13.470 ,  0.000 ,  0.013, -0.524  
13.490 ,  0.000 ,  0.013, -0.753  
13.500 ,  0.000 ,  0.013, -0.880  
13.510 ,  0.000 ,  0.013, -1.015  
13.520 ,  0.000 ,  0.013, -1.156  
13.530 ,  0.000 ,  0.013, -1.303  
13.540 ,  0.000 ,  0.012, -1.082  
13.550 ,  0.000 ,  0.010, -0.716  
13.560 ,  0.000 ,  0.009, -0.486  
13.570 ,  0.000 ,  0.009, -0.281  
13.580 ,  0.000 ,  0.007, -0.246  
13.600 ,  0.000 ,  0.008,  0.036  
13.610 ,  0.000 ,  0.009, -0.213  
13.620 ,  0.000 ,  0.009, -0.316  
13.630 ,  0.000 ,  0.009, -0.381  
13.640 ,  0.000 ,  0.008, -0.267  
13.650 ,  0.000 ,  0.008, -0.270  
13.660 ,  0.000 ,  0.008, -0.326  
13.670 ,  0.000 ,  0.008, -0.389  
13.680 ,  0.000 ,  0.008, -0.458  
13.690 ,  0.000 ,  0.008, -0.533  
13.710 ,  0.000 ,  0.007, -0.508  
13.720 ,  0.000 ,  0.007, -0.521  
13.730 ,  0.000 ,  0.007, -0.584  
13.740 ,  0.000 ,  0.007, -0.653  
13.750 ,  0.000 ,  0.007, -0.725  
13.760 ,  0.000 ,  0.007, -0.801  
13.770 ,  0.000 ,  0.007, -0.881  
13.780 ,  0.000 ,  0.007, -0.965  
13.790 ,  0.000 ,  0.007, -1.051  
13.800 ,  0.000 ,  0.006, -0.766  
13.820 ,  0.000 ,  0.004, -0.370  
13.830 ,  0.000 ,  0.004, -0.263  
13.840 ,  0.000 ,  0.004, -0.254  
13.850 ,  0.000 ,  0.004, -0.253  
13.860 ,  0.000 ,  0.004, -0.258  
13.870 ,  0.000 ,  0.004, -0.270  
13.880 ,  0.000 ,  0.004, -0.287  
13.890 ,  0.000 ,  0.004, -0.309  
13.900 ,  0.000 ,  0.004, -0.336  
13.910 ,  0.000 ,  0.004, -0.367  
13.930 ,  0.000 ,  0.004, -0.439  
13.940 ,  0.000 ,  0.004, -0.480  
13.950 ,  0.000 ,  0.004, -0.523  
13.960 ,  0.000 ,  0.004, -0.569  
13.970 ,  0.000 ,  0.004, -0.617  
13.980 ,  0.000 ,  0.004, -0.667  
13.990 ,  0.000 ,  0.004, -0.718  
14.000 ,  0.000 ,  0.004, -0.772  
14.010 ,  0.000 ,  0.003, -0.639  
14.020 ,  0.000 ,  0.003, -0.433  
14.040 ,  0.000 ,  0.003, -0.391  
14.050 ,  0.000 ,  0.002, -0.212  
14.060 ,  0.000 ,  0.002, -0.148  
14.070 ,  0.000 ,  0.002, -0.135  
14.080 ,  0.000 ,  0.003, -0.314  
14.090 ,  0.000 ,  0.003, -0.384  
14.100 ,  0.000 ,  0.002, -0.412  
14.110 ,  0.000 ,  0.002, -0.254  
14.120 ,  0.000 ,  0.002, -0.210  
14.130 ,  0.000 ,  0.002, -0.214  
14.150 ,  0.000 ,  0.002, -0.231  
14.160 ,  0.000 ,  0.002, -0.243  
14.170 ,  0.000 ,  0.002, -0.257  
14.180 ,  0.000 ,  0.002, -0.274  
14.190 ,  0.000 ,  0.002, -0.292  
14.200 ,  0.000 ,  0.002, -0.311  
14.210 ,  0.000 ,  0.002, -0.332  
14.220 ,  0.000 ,  0.002, -0.354  
14.230 ,  0.000 ,  0.002, -0.378  
14.240 ,  0.000 ,  0.002, -0.402  
14.250 ,  0.000 ,  0.002, -0.454  
14.270 ,  0.000 ,  0.002, -0.481  
14.280 ,  0.000 ,  0.002, -0.508  
14.290 ,  0.000 ,  0.002, -0.536  
14.300 ,  0.000 ,  0.002, -0.565  
14.310 ,  0.000 ,  0.002, -0.594  
14.320 ,  0.000 ,  0.002, -0.624  
14.330 ,  0.000 ,  0.002, -0.654  
14.340 ,  0.000 ,  0.002, -0.685  
14.350 ,  0.000 ,  0.001, -0.715  
14.360 ,  0.000 ,  0.001, -0.559  
14.380 ,  0.000 ,  0.001, -0.519  
14.390 ,  0.000 ,  0.001, -0.525  
14.400 ,  0.000 ,  0.001, -0.532  
14.410 ,  0.000 ,  0.001, -0.540  
14.420 ,  0.000 ,  0.001, -0.551  
14.430 ,  0.000 ,  0.001, -0.562  
14.440 ,  0.000 ,  0.001, -0.574  
14.450 ,  0.000 ,  0.001, -0.588  
14.460 ,  0.000 ,  0.001, -0.602  
14.470 ,  0.000 ,  0.001, -0.617  
14.490 ,  0.000 ,  0.001, -0.649  
14.500 ,  0.000 ,  0.001, -0.666  
14.510 ,  0.000 ,  0.001, -0.684  
14.520 ,  0.000 ,  0.001, -0.702  
14.530 ,  0.000 ,  0.001, -0.721  
14.540 ,  0.000 ,  0.001, -0.740  
14.550 ,  0.000 ,  0.001, -0.759  
14.560 ,  0.000 ,  0.001, -0.778  
14.570 ,  0.000 ,  0.001, -0.798  
14.580 ,  0.000 ,  0.001, -0.818  
14.600 ,  0.000 ,  0.000, -0.672  
14.610 ,  0.000 ,  0.000, -0.375  
14.620 ,  0.000 , -0.001, -0.338  
14.630 ,  0.000 , -0.001,  0.069  
14.640 ,  0.000 , -0.001,  0.249  
14.650 ,  0.000 , -0.001,  0.332  
14.660 ,  0.000 , -0.001,  0.409  
14.670 ,  0.000 , -0.001,  0.481  
14.680 ,  0.000 ,  0.000,  0.173  
14.690 ,  0.000 ,  0.000,  0.086  
14.700 ,  0.000 ,  0.000,  0.090  
14.720 ,  0.000 ,  0.000,  0.092  
14.730 ,  0.000 ,  0.000,  0.093  
14.740 ,  0.000 ,  0.000,  0.095  
14.750 ,  0.000 ,  0.000,  0.096  
14.760 ,  0.000 ,  0.000,  0.097  
14.770 ,  0.000 ,  0.000,  0.098  
14.780 ,  0.000 ,  0.000,  0.099  
14.790 ,  0.000 ,  0.000,  0.100  
14.800 ,  0.000 ,  0.000,  0.101  
14.810 ,  0.000 ,  0.000,  0.101  
14.820 ,  0.000 ,  0.000,  0.102  
14.840 ,  0.000 ,  0.000,  0.103  
14.850 ,  0.000 ,  0.000,  0.103  
14.860 ,  0.000 ,  0.000,  0.104  
14.870 ,  0.000 ,  0.000,  0.104  
14.880 ,  0.000 ,  0.000,  0.104  
14.890 ,  0.000 ,  0.000,  0.105  
14.900 ,  0.000 ,  0.000,  0.105  
14.910 ,  0.000 ,  0.000,  0.105  
14.920 ,  0.000 ,  0.000,  0.106  
14.930 ,  0.000 ,  0.000,  0.106  
14.940 ,  0.000 ,  0.000,  0.106  
14.960 ,  0.000 ,  0.000,  0.106  
14.970 ,  0.000 ,  0.000,  0.106  
14.980 ,  0.000 ,  0.000,  0.106  
14.990 ,  0.000 ,  0.000,  0.106  
15.000 ,  0.000 ,  0.000,  0.107  
15.010 ,  0.000 ,  0.000,  0.107  
15.020 ,  0.000 ,  0.000,  0.107  
15.030 ,  0.000 ,  0.000,  0.107  
15.040 ,  0.000 ,  0.000,  0.107  
15.050 ,  0.000 ,  0.000,  0.107  
15.060 ,  0.000 ,  0.000,  0.107  
15.080 ,  0.000 ,  0.000,  0.107  
15.090 ,  0.000 ,  0.000,  0.107  
15.100 ,  0.000 ,  0.000,  0.107  
15.110 ,  0.000 ,  0.000,  0.107  
15.120 ,  0.000 ,  0.000,  0.107  
15.130 ,  0.000 ,  0.000,  0.107  
15.140 ,  0.000 ,  0.000,  0.107  
15.150 ,  0.000 ,  0.000,  0.107  
15.160 ,  0.000 ,  0.000,  0.107  
15.170 ,  0.000 ,  0.000,  0.107  
15.180 ,  0.000 ,  0.000,  0.107  
15.200 ,  0.000 ,  0.000,  0.107  
15.210 ,  0.000 ,  0.000,  0.107  
15.220 ,  0.000 ,  0.000,  0.107  
15.230 ,  0.000 ,  0.000,  0.107  
15.240 ,  0.000 ,  0.000,  0.107  
15.250 ,  0.000 ,  0.000,  0.107  
15.260 ,  0.000 ,  0.000,  0.107  
15.270 ,  0.000 ,  0.000,  0.107  
15.280 ,  0.000 ,  0.000,  0.107  
15.290 ,  0.000 ,  0.000,  0.107  
15.300 ,  0.000 ,  0.000,  0.107  
15.320 ,  0.000 ,  0.000,  0.107  
15.330 ,  0.000 ,  0.000,  0.107  
15.340 ,  0.000 ,  0.000,  0.107  
15.350 ,  0.000 ,  0.000,  0.107  
15.360 ,  0.000 ,  0.000,  0.107  
15.370 ,  0.000 ,  0.000,  0.107  
15.380 ,  0.000 ,  0.000,  0.107  
15.390 ,  0.000 ,  0.000,  0.107  
15.400 ,  0.000 ,  0.000,  0.107  
15.410 ,  0.000 ,  0.000,  0.107  
15.420 ,  0.000 ,  0.000,  0.107  
15.440 ,  0.000 ,  0.000,  0.107  
15.450 ,  0.000 ,  0.000,  0.107  
15.460 ,  0.000 ,  0.000,  0.107  
15.470 ,  0.000 ,  0.000,  0.107  
15.480 ,  0.000 ,  0.000,  0.107  
15.490 ,  0.000 ,  0.000,  0.107  
15.500 ,  0.000 ,  0.000,  0.107  
15.510 ,  0.000 ,  0.000,  0.107  
15.520 ,  0.000 ,  0.000,  0.107  
15.530 ,  0.000 ,  0.000,  0.107  
15.540 ,  0.000 ,  0.000,  0.107  
15.560 ,  0.000 ,  0.000,  0.107  
15.570 ,  0.000 ,  0.000,  0.107  
15.580 ,  0.000 ,  0.000,  0.107  
15.590 ,  0.000 ,  0.000,  0.107  
15.600 ,  0.000 ,  0.000,  0.107  
15.610 ,  0.000 ,  0.000,  0.107  
15.620 ,  0.000 ,  0.000,  0.107  
15.630 ,  0.000 ,  0.000,  0.107  
15.640 ,  0.000 ,  0.000,  0.107  
15.650 ,  0.000 ,  0.000,  0.107  
15.660 ,  0.000 ,  0.000,  0.107  
15.680 ,  0.000 ,  0.000,  0.107  
15.690 ,  0.000 ,  0.000,  0.107  
15.700 ,  0.000 ,  0.000,  0.107  
15.710 ,  0.000 ,  0.000,  0.107  
15.720 ,  0.000 ,  0.000,  0.107  
15.730 ,  0.000 ,  0.000,  0.107  
15.740 ,  0.000 ,  0.000,  0.107  
15.750 ,  0.000 ,  0.000,  0.107  
15.760 ,  0.000 ,  0.000,  0.107  
15.770 ,  0.000 ,  0.000,  0.107  
15.780 ,  0.000 ,  0.000,  0.107  
15.800 ,  0.000 ,  0.000,  0.107  
15.810 ,  0.000 ,  0.000,  0.107  
15.820 ,  0.000 ,  0.000,  0.107  
15.830 ,  0.000 ,  0.000,  0.107  
15.840 ,  0.000 ,  0.000,  0.107  
15.850 ,  0.000 ,  0.000,  0.107  
15.860 ,  0.000 ,  0.000,  0.107  
15.870 ,  0.000 ,  0.000,  0.107  
15.880 ,  0.000 ,  0.000,  0.107  
15.890 ,  0.000 ,  0.000,  0.107  
15.900 ,  0.000 ,  0.000,  0.107  
15.920 ,  0.000 ,  0.000,  0.107  
15.930 ,  0.000 ,  0.000,  0.107  
15.940 ,  0.000 ,  0.000,  0.107  
15.950 ,  0.000 ,  0.000,  0.107  
15.960 ,  0.000 ,  0.000,  0.107  
15.970 ,  0.000 ,  0.000,  0.107  
15.980 ,  0.000 ,  0.000,  0.107  
15.990 ,  0.000 ,  0.000,  0.107  
16.000 ,  0.000 ,  0.000,  0.107  
16.010 ,  0.000 ,  0.000,  0.107  
16.020 ,  0.000 ,  0.000,  0.107  
16.040 ,  0.000 ,  0.000,  0.107  
16.050 ,  0.000 ,  0.000,  0.107  
16.060 ,  0.000 ,  0.000,  0.107  
16.070 ,  0.000 ,  0.000,  0.107  
16.080 ,  0.000 ,  0.000,  0.107  
16.090 ,  0.000 ,  0.000,  0.107  
16.100 ,  0.000 ,  0.000,  0.107  
16.110 ,  0.000 ,  0.000,  0.107  
16.120 ,  0.000 ,  0.000,  0.107  
16.130 ,  0.000 ,  0.000,  0.107  
16.140 ,  0.000 ,  0.000,  0.107  
16.150 ,  0.000 ,  0.000,  0.107  
16.170 ,  0.000 ,  0.000,  0.107  
16.180 ,  0.000 ,  0.000,  0.107  
16.190 ,  0.000 ,  0.000,  0.107  
16.200 ,  0.000 ,  0.000,  0.107  
16.210 ,  0.000 ,  0.000,  0.107  
16.220 ,  0.000 ,  0.000,  0.107  
16.230 ,  0.000 ,  0.000,  0.107  
16.240 ,  0.000 ,  0.000,  0.107  
16.250 ,  0.000 ,  0.000,  0.107  
16.260 ,  0.000 ,  0.000,  0.107  
16.270 ,  0.000 ,  0.000,  0.107  
16.290 ,  0.000 ,  0.000,  0.107  
16.300 ,  0.000 ,  0.000,  0.107  
16.310 ,  0.000 ,  0.000,  0.107  
16.320 ,  0.000 ,  0.000,  0.107  
16.330 ,  0.000 ,  0.000,  0.107  
16.340 ,  0.000 ,  0.000,  0.107  
16.350 ,  0.000 ,  0.000,  0.107  
16.360 ,  0.000 ,  0.000,  0.107  
16.370 ,  0.000 ,  0.000,  0.107  
16.380 ,  0.000 ,  0.000,  0.107  
16.390 ,  0.000 ,  0.000,  0.107  
16.410 ,  0.000 ,  0.000,  0.107  
16.420 ,  0.000 ,  0.000,  0.107  
16.430 ,  0.000 ,  0.000,  0.107  
16.440 ,  0.000 ,  0.000,  0.107  
16.450 ,  0.000 ,  0.000,  0.107  
16.460 ,  0.000 ,  0.000,  0.107  
16.470 ,  0.000 ,  0.000,  0.107  
16.480 ,  0.000 ,  0.000,  0.107  
16.490 ,  0.000 ,  0.000,  0.107  
16.500 ,  0.000 ,  0.000,  0.107  
16.510 ,  0.000 ,  0.000,  0.107  
16.530 ,  0.000 ,  0.000,  0.107  
16.540 ,  0.000 ,  0.000,  0.107  
16.550 ,  0.000 ,  0.000,  0.107  
16.560 ,  0.000 ,  0.000,  0.107  
16.570 ,  0.000 ,  0.000,  0.107  
16.580 ,  0.000 ,  0.000,  0.107  
16.590 ,  0.000 ,  0.000,  0.107  
16.600 ,  0.000 ,  0.000,  0.107  
16.610 ,  0.000 ,  0.000,  0.107  
16.620 ,  0.000 ,  0.000,  0.107  
16.630 ,  0.000 ,  0.000,  0.107  
16.650 ,  0.000 ,  0.000,  0.107  
16.660 ,  0.000 ,  0.000,  0.107  
16.670 ,  0.000 ,  0.000,  0.107  
16.680 ,  0.000 ,  0.000,  0.107  
16.690 ,  0.000 ,  0.000,  0.107  
16.700 ,  0.000 ,  0.000,  0.107  
16.710 ,  0.000 ,  0.000,  0.107  
16.720 ,  0.000 ,  0.000,  0.107  
16.730 ,  0.000 ,  0.000,  0.107  
16.740 ,  0.000 ,  0.000,  0.107  
16.750 ,  0.000 ,  0.000,  0.107  
16.770 ,  0.000 ,  0.000,  0.107  
16.780 ,  0.000 ,  0.000,  0.107  
16.790 ,  0.000 ,  0.000,  0.107  
16.800 ,  0.000 ,  0.000,  0.107  
16.810 ,  0.000 ,  0.000,  0.107  
16.820 ,  0.000 ,  0.000,  0.107  
16.830 ,  0.000 ,  0.000,  0.107  
16.840 ,  0.000 ,  0.000,  0.107  
16.850 ,  0.000 ,  0.000,  0.107  
16.860 ,  0.000 ,  0.000,  0.107  
16.870 ,  0.000 ,  0.000,  0.107  
16.890 ,  0.000 ,  0.000,  0.107  
16.900 ,  0.000 ,  0.000,  0.107  
16.910 ,  0.000 ,  0.000,  0.107  
16.920 ,  0.000 ,  0.000,  0.107  
16.930 ,  0.000 ,  0.000,  0.107  
16.940 ,  0.000 ,  0.000,  0.107  
16.950 ,  0.000 ,  0.000,  0.107  
16.960 ,  0.000 ,  0.000,  0.107  
16.970 ,  0.000 ,  0.000,  0.107  
16.980 ,  0.000 ,  0.000,  0.107  
16.990 ,  0.000 ,  0.000,  0.107  
17.010 ,  0.000 ,  0.000,  0.107  
17.020 ,  0.000 ,  0.000,  0.107  
17.030 ,  0.000 ,  0.000,  0.107  
17.040 ,  0.000 ,  0.000,  0.107  
17.050 ,  0.000 ,  0.000,  0.107  
17.060 ,  0.000 ,  0.000,  0.107  
17.070 ,  0.000 ,  0.000,  0.107  
17.080 ,  0.000 ,  0.000,  0.107  
17.090 ,  0.000 ,  0.000,  0.107  
17.100 ,  0.000 ,  0.000,  0.107  
17.110 ,  0.000 ,  0.000,  0.107  
17.130 ,  0.000 ,  0.000,  0.107  
17.140 ,  0.000 ,  0.000,  0.107  
17.150 ,  0.000 ,  0.000,  0.107  
17.160 ,  0.000 ,  0.000,  0.107  
17.170 ,  0.000 ,  0.000,  0.107  
17.180 ,  0.000 ,  0.000,  0.107  
17.190 ,  0.000 ,  0.000,  0.107  
17.200 ,  0.000 ,  0.000,  0.107  
17.210 ,  0.000 ,  0.000,  0.107  
17.220 ,  0.000 ,  0.000,  0.107  
17.230 ,  0.000 ,  0.000,  0.107  
17.240 ,  0.000 ,  0.000,  0.107  
17.260 ,  0.000 ,  0.000,  0.107  
17.270 ,  0.000 ,  0.000,  0.107  
17.280 ,  0.000 ,  0.000,  0.107  
17.290 ,  0.000 ,  0.000,  0.107  
17.300 ,  0.000 ,  0.000,  0.107  
17.310 ,  0.000 ,  0.000,  0.107  
17.320 ,  0.000 ,  0.000,  0.107  
17.330 ,  0.000 ,  0.000,  0.107  
17.340 ,  0.000 ,  0.000,  0.107  
17.350 ,  0.000 ,  0.000,  0.107  
17.360 ,  0.000 ,  0.000,  0.107  
17.380 ,  0.000 ,  0.000,  0.107  
17.390 ,  0.000 ,  0.000,  0.107  
17.400 ,  0.000 ,  0.000,  0.107  
17.410 ,  0.000 ,  0.000,  0.107  
17.420 ,  0.000 ,  0.000,  0.107  
17.430 ,  0.000 ,  0.000,  0.107  
17.440 ,  0.000 ,  0.000,  0.107  
17.450 ,  0.000 ,  0.000,  0.107  
17.460 ,  0.000 ,  0.000,  0.107  
17.470 ,  0.000 ,  0.000,  0.107  
17.480 ,  0.000 ,  0.000,  0.107  
17.500 ,  0.000 ,  0.000,  0.107  
17.510 ,  0.000 ,  0.000,  0.107  
17.520 ,  0.000 ,  0.000,  0.107  
17.530 ,  0.000 ,  0.000,  0.107  
17.540 ,  0.000 ,  0.000,  0.107  
17.550 ,  0.000 ,  0.000,  0.107  
17.560 ,  0.000 ,  0.000,  0.107  
17.570 ,  0.000 ,  0.000,  0.107  
17.580 ,  0.000 ,  0.000,  0.107  
17.590 ,  0.000 ,  0.000,  0.107  
17.600 ,  0.000 ,  0.000,  0.107  
17.620 ,  0.000 ,  0.000,  0.107  
17.630 ,  0.000 ,  0.000,  0.107  
17.640 ,  0.000 ,  0.000,  0.107  
17.650 ,  0.000 ,  0.000,  0.107  
17.660 ,  0.000 ,  0.000,  0.107  
17.670 ,  0.000 ,  0.000,  0.107  
17.680 ,  0.000 ,  0.000,  0.107  
17.690 ,  0.000 ,  0.000,  0.107  
17.700 ,  0.000 ,  0.000,  0.107  
17.710 ,  0.000 ,  0.000,  0.107  
17.720 ,  0.000 ,  0.000,  0.107  
17.740 ,  0.000 ,  0.000,  0.107  
17.750 ,  0.000 ,  0.000,  0.107  
17.760 ,  0.000 ,  0.000,  0.107  
17.770 ,  0.000 ,  0.000,  0.107  
17.780 ,  0.000 ,  0.000,  0.107  
17.790 ,  0.000 ,  0.000,  0.107  
17.800 ,  0.000 ,  0.000,  0.107  
17.810 ,  0.000 ,  0.000,  0.107  
17.820 ,  0.000 ,  0.000,  0.107  
17.830 ,  0.000 ,  0.000,  0.107  
17.840 ,  0.000 ,  0.000,  0.107  
17.860 ,  0.000 ,  0.000,  0.107  
17.870 ,  0.000 ,  0.000,  0.107  
17.880 ,  0.000 ,  0.000,  0.107  
17.890 ,  0.000 ,  0.000,  0.107  
17.900 ,  0.000 ,  0.000,  0.107  
17.910 ,  0.000 ,  0.000,  0.107  
17.920 ,  0.000 ,  0.000,  0.107  
17.930 ,  0.000 ,  0.000,  0.107  
17.940 ,  0.000 ,  0.000,  0.107  
17.950 ,  0.000 ,  0.000,  0.107  
17.960 ,  0.000 ,  0.000,  0.107  
17.980 ,  0.000 ,  0.000,  0.107  
17.990 ,  0.000 ,  0.000,  0.107  
18.000 ,  0.000 ,  0.000,  0.107  
18.010 ,  0.000 ,  0.000,  0.107  
18.020 ,  0.000 ,  0.000,  0.107  
18.030 ,  0.000 ,  0.000,  0.107  
18.040 ,  0.000 ,  0.000,  0.107  
18.050 ,  0.000 ,  0.000,  0.107  
18.060 ,  0.000 ,  0.000,  0.107  
18.070 ,  0.000 ,  0.000,  0.107  
18.080 ,  0.000 ,  0.000,  0.107  
18.100 ,  0.000 ,  0.000,  0.107  
18.110 ,  0.000 ,  0.000,  0.107  
18.120 ,  0.000 ,  0.000,  0.107  
18.130 ,  0.000 ,  0.000,  0.107  
18.140 ,  0.000 ,  0.000,  0.107  
18.150 ,  0.000 ,  0.000,  0.107  
18.160 ,  0.000 ,  0.000,  0.107  
18.170 ,  0.000 ,  0.000,  0.107  
18.180 ,  0.000 ,  0.000,  0.107  
18.190 ,  0.000 ,  0.000,  0.107  
18.200 ,  0.000 ,  0.000,  0.107  
18.220 ,  0.000 ,  0.000,  0.107  
18.230 ,  0.000 ,  0.000,  0.107  
18.240 ,  0.000 ,  0.000,  0.107  
18.250 ,  0.000 ,  0.000,  0.107  
18.260 ,  0.000 ,  0.000,  0.107  
18.270 ,  0.000 ,  0.000,  0.107  
18.280 ,  0.000 ,  0.000,  0.107  
18.290 ,  0.000 ,  0.000,  0.107  
18.300 ,  0.000 ,  0.000,  0.107  
18.310 ,  0.000 ,  0.000,  0.107  
18.320 ,  0.000 ,  0.000,  0.107  
18.340 ,  0.000 ,  0.000,  0.107  
18.350 ,  0.000 ,  0.000,  0.107  
18.360 ,  0.000 ,  0.000,  0.107  
18.370 ,  0.000 ,  0.000,  0.107  
18.380 ,  0.000 ,  0.000,  0.107  
18.390 ,  0.000 ,  0.000,  0.107  
18.400 ,  0.000 ,  0.000,  0.107  
18.410 ,  0.000 ,  0.000,  0.107  
18.420 ,  0.000 ,  0.000,  0.107  
18.430 ,  0.000 ,  0.000,  0.107  
18.440 ,  0.000 ,  0.000,  0.107  
18.450 ,  0.000 ,  0.000,  0.107  
18.470 ,  0.000 ,  0.000,  0.107  
18.480 ,  0.000 ,  0.000,  0.107  
18.490 ,  0.000 ,  0.000,  0.107  
18.500 ,  0.000 ,  0.000,  0.107  
18.510 ,  0.000 ,  0.000,  0.107  
18.520 ,  0.000 ,  0.000,  0.107  
18.530 ,  0.000 ,  0.000,  0.107  
18.540 ,  0.000 ,  0.000,  0.107  
18.550 ,  0.000 ,  0.000,  0.107  
18.560 ,  0.000 ,  0.000,  0.107  
18.570 ,  0.000 ,  0.000,  0.107  
18.590 ,  0.000 ,  0.000,  0.107  
18.600 ,  0.000 ,  0.000,  0.107  
18.610 ,  0.000 ,  0.000,  0.107  
18.620 ,  0.000 ,  0.000,  0.107  
18.630 ,  0.000 ,  0.000,  0.107  
18.640 ,  0.000 ,  0.000,  0.107  
18.650 ,  0.000 ,  0.000,  0.107  
18.660 ,  0.000 ,  0.000,  0.107  
18.670 ,  0.000 ,  0.000,  0.107  
18.680 ,  0.000 ,  0.000,  0.107  
18.690 ,  0.000 ,  0.000,  0.107  
18.710 ,  0.000 ,  0.000,  0.107  
18.720 ,  0.000 ,  0.000,  0.107  
18.730 ,  0.000 ,  0.000,  0.107  
18.740 ,  0.000 ,  0.000,  0.107  
18.750 ,  0.000 ,  0.000,  0.107  
18.760 ,  0.000 ,  0.000,  0.107  
18.770 ,  0.000 ,  0.000,  0.107  
18.780 ,  0.000 ,  0.000,  0.107  
18.790 ,  0.000 ,  0.000,  0.107  
18.800 ,  0.000 ,  0.000,  0.107  
18.810 ,  0.000 ,  0.000,  0.107  
18.830 ,  0.000 ,  0.000,  0.107  
18.840 ,  0.000 ,  0.000,  0.107  
18.850 ,  0.000 ,  0.000,  0.107  
18.860 ,  0.000 ,  0.000,  0.107  
18.870 ,  0.000 ,  0.000,  0.107  
18.880 ,  0.000 ,  0.000,  0.107  
18.890 ,  0.000 ,  0.000,  0.107  
18.900 ,  0.000 ,  0.000,  0.107  
18.910 ,  0.000 ,  0.000,  0.107  
18.920 ,  0.000 ,  0.000,  0.107  
18.930 ,  0.000 ,  0.000,  0.107  
18.950 ,  0.000 ,  0.000,  0.107  
18.960 ,  0.000 ,  0.000,  0.107  
18.970 ,  0.000 ,  0.000,  0.107  
18.980 ,  0.000 ,  0.000,  0.107  
18.990 ,  0.000 ,  0.000,  0.107  
19.000 ,  0.000 ,  0.000,  0.107  
19.010 ,  0.000 ,  0.000,  0.107  
19.020 ,  0.000 ,  0.000,  0.107  
19.030 ,  0.000 ,  0.000,  0.107  
19.040 ,  0.000 ,  0.000,  0.107  
19.050 ,  0.000 ,  0.000,  0.107  
19.070 ,  0.000 ,  0.000,  0.107  
19.080 ,  0.000 ,  0.000,  0.107  
19.090 ,  0.000 ,  0.000,  0.107  
19.100 ,  0.000 ,  0.000,  0.107  
19.110 ,  0.000 ,  0.000,  0.107  
19.120 ,  0.000 ,  0.000,  0.107  
19.130 ,  0.000 ,  0.000,  0.107  
19.140 ,  0.000 ,  0.000,  0.107  
19.150 ,  0.000 ,  0.000,  0.107  
19.160 ,  0.000 ,  0.000,  0.107  
19.170 ,  0.000 ,  0.000,  0.107  
19.190 ,  0.000 ,  0.000,  0.107  
19.200 ,  0.000 ,  0.000,  0.107  
19.210 ,  0.000 ,  0.000,  0.107  
19.220 ,  0.000 ,  0.000,  0.107  
19.230 ,  0.000 ,  0.000,  0.107  
19.240 ,  0.000 ,  0.000,  0.107  
19.250 ,  0.000 ,  0.000,  0.107  
19.260 ,  0.000 ,  0.000,  0.107  
19.270 ,  0.000 ,  0.000,  0.107  
19.280 ,  0.000 ,  0.000,  0.107  
19.290 ,  0.000 ,  0.000,  0.107  
19.310 ,  0.000 ,  0.000,  0.107  
19.320 ,  0.000 ,  0.000,  0.107  
19.330 ,  0.000 ,  0.000,  0.107  
19.340 ,  0.000 ,  0.000,  0.107  
19.350 ,  0.000 ,  0.000,  0.107  
19.360 ,  0.000 ,  0.000,  0.107  
19.370 ,  0.000 ,  0.000,  0.107  
19.380 ,  0.000 ,  0.000,  0.107  
19.390 ,  0.000 ,  0.000,  0.107  
19.400 ,  0.000 ,  0.000,  0.107  
19.410 ,  0.000 ,  0.000,  0.107  
19.430 ,  0.000 ,  0.000,  0.107  
19.440 ,  0.000 ,  0.000,  0.107  
19.450 ,  0.000 ,  0.000,  0.107  
19.460 ,  0.000 ,  0.000,  0.107  
19.470 ,  0.000 ,  0.000,  0.107  
19.480 ,  0.000 ,  0.000,  0.107  
19.490 ,  0.000 ,  0.000,  0.107  
19.500 ,  0.000 ,  0.000,  0.107  
19.510 ,  0.000 ,  0.000,  0.107  
19.520 ,  0.000 ,  0.000,  0.107  
19.530 ,  0.000 ,  0.000,  0.107  
19.550 ,  0.000 ,  0.000,  0.107  
19.560 ,  0.000 ,  0.000,  0.107  
19.570 ,  0.000 ,  0.000,  0.107  
19.580 ,  0.000 ,  0.000,  0.107  
19.590 ,  0.000 ,  0.000,  0.107  
19.600 ,  0.000 ,  0.000,  0.107  
19.610 ,  0.000 ,  0.000,  0.107  
19.620 ,  0.000 ,  0.000,  0.107  
19.630 ,  0.000 ,  0.000,  0.107  
19.640 ,  0.000 ,  0.000,  0.107  
19.650 ,  0.000 ,  0.000,  0.107  
19.670 ,  0.000 ,  0.000,  0.107  
19.680 ,  0.000 ,  0.000,  0.107  
19.690 ,  0.000 ,  0.000,  0.107  
19.700 ,  0.000 ,  0.000,  0.107  
19.710 ,  0.000 ,  0.000,  0.107  
19.720 ,  0.000 ,  0.000,  0.107  
19.730 ,  0.000 ,  0.000,  0.107  
19.740 ,  0.000 ,  0.000,  0.107  
19.750 ,  0.000 ,  0.000,  0.107  
19.760 ,  0.000 ,  0.000,  0.107  
19.770 ,  0.000 ,  0.000,  0.107  
19.780 ,  0.000 ,  0.000,  0.107  
19.800 ,  0.000 ,  0.000,  0.107  
19.810 ,  0.000 ,  0.000,  0.107  
19.820 ,  0.000 ,  0.000,  0.107  
19.830 ,  0.000 ,  0.000,  0.107  
19.840 ,  0.000 ,  0.000,  0.107  
19.850 ,  0.000 ,  0.000,  0.107  
19.860 ,  0.000 ,  0.000,  0.107  
19.870 ,  0.000 ,  0.000,  0.107  
19.880 ,  0.000 ,  0.000,  0.107  
19.890 ,  0.000 ,  0.000,  0.107  
19.900 ,  0.000 ,  0.000,  0.107  
19.920 ,  0.000 ,  0.000,  0.107  
19.930 ,  0.000 ,  0.000,  0.107  
19.940 ,  0.000 ,  0.000,  0.107  
19.950 ,  0.000 ,  0.000,  0.107  
19.960 ,  0.000 ,  0.000,  0.107  
19.970 ,  0.000 ,  0.000,  0.107  
19.980 ,  0.000 ,  0.000,  0.107  
19.990 ,  0.000 ,  0.000,  0.107  
20.000 ,  0.000 ,  0.000,  0.107  
20.010 ,  0.000 ,  0.000,  0.107  
20.020 ,  0.000 ,  0.000,  0.107  
20.040 ,  0.000 ,  0.000,  0.107  
20.050 ,  0.000 ,  0.000,  0.107  
20.060 ,  0.000 ,  0.000,  0.107  
20.070 ,  0.000 ,  0.000,  0.107  
20.080 ,  0.000 ,  0.000,  0.107  
20.090 ,  0.000 ,  0.000,  0.107  
20.100 ,  0.000 ,  0.000,  0.107  
20.110 ,  0.000 ,  0.000,  0.107  
20.120 ,  0.000 ,  0.000,  0.107  
20.130 ,  0.000 ,  0.000,  0.107  
20.140 ,  0.000 ,  0.000,  0.107  
20.160 ,  0.000 ,  0.000,  0.107  
20.170 ,  0.000 ,  0.000,  0.107  
20.180 ,  0.000 ,  0.000,  0.107  
20.190 ,  0.000 ,  0.000,  0.107  
20.200 ,  0.000 ,  0.000,  0.107  
20.210 ,  0.000 ,  0.000,  0.107  
20.220 ,  0.000 ,  0.000,  0.107  
20.230 ,  0.000 ,  0.000,  0.107  
20.240 ,  0.000 ,  0.000,  0.107  
20.250 ,  0.000 ,  0.000,  0.107  
20.260 ,  0.000 ,  0.000,  0.107  
20.280 ,  0.000 ,  0.000,  0.107  
20.290 ,  0.000 ,  0.000,  0.107  
20.300 ,  0.000 ,  0.000,  0.107  
20.310 ,  0.000 ,  0.000,  0.107  
20.320 ,  0.000 ,  0.000,  0.107  
20.330 ,  0.000 ,  0.000,  0.107  
20.340 ,  0.000 ,  0.000,  0.107  
20.350 ,  0.000 ,  0.000,  0.107  
20.360 ,  0.000 ,  0.000,  0.107  
20.370 ,  0.000 ,  0.000,  0.107  
20.380 ,  0.000 ,  0.000,  0.107  
20.400 ,  0.000 ,  0.000,  0.107  
20.410 ,  0.000 ,  0.000,  0.107  
20.420 ,  0.000 ,  0.000,  0.107  
20.430 ,  0.000 ,  0.000,  0.107  
20.440 ,  0.000 ,  0.000,  0.107  
20.450 ,  0.000 ,  0.000,  0.107  
20.460 ,  0.000 ,  0.000,  0.107  
20.470 ,  0.000 ,  0.000,  0.107  
20.480 ,  0.000 ,  0.000,  0.107  
20.490 ,  0.000 ,  0.000,  0.107  
20.500 ,  0.000 ,  0.000,  0.107  
20.520 ,  0.000 ,  0.000,  0.107  
20.530 ,  0.000 ,  0.000,  0.107  
20.540 ,  0.000 ,  0.000,  0.107  
20.550 ,  0.000 ,  0.000,  0.107  
20.560 ,  0.000 ,  0.000,  0.107  
20.570 ,  0.000 ,  0.000,  0.107  
20.580 ,  0.000 ,  0.000,  0.107  
20.590 ,  0.000 ,  0.000,  0.107  
20.600 ,  0.000 ,  0.000,  0.107  
20.610 ,  0.000 ,  0.000,  0.107  
20.620 ,  0.000 ,  0.000,  0.107  
20.640 ,  0.000 ,  0.000,  0.107  
20.650 ,  0.000 ,  0.000,  0.107  
20.660 ,  0.000 ,  0.000,  0.107  
20.670 ,  0.000 ,  0.000,  0.107  
20.680 ,  0.000 ,  0.000,  0.107  
20.690 ,  0.000 ,  0.000,  0.107  
20.700 ,  0.000 ,  0.000,  0.107  
20.710 ,  0.000 ,  0.000,  0.107  
20.720 ,  0.000 ,  0.000,  0.107  
20.730 ,  0.000 ,  0.000,  0.107  
20.740 ,  0.000 ,  0.000,  0.107  
20.750 ,  0.000 ,  0.000,  0.107  
20.770 ,  0.000 ,  0.000,  0.107  
20.780 ,  0.000 ,  0.000,  0.107  
20.790 ,  0.000 ,  0.000,  0.107  
20.800 ,  0.000 ,  0.000,  0.107  
20.810 ,  0.000 ,  0.000,  0.107  
20.820 ,  0.000 ,  0.000,  0.107  
20.830 ,  0.000 ,  0.000,  0.107  
20.840 ,  0.000 ,  0.000,  0.107  
20.850 ,  0.000 ,  0.000,  0.107  
20.860 ,  0.000 ,  0.000,  0.107  
20.870 ,  0.000 ,  0.000,  0.107  
20.890 ,  0.000 ,  0.000,  0.107  
20.900 ,  0.000 ,  0.000,  0.107  
20.910 ,  0.000 ,  0.000,  0.107  
20.920 ,  0.000 ,  0.000,  0.107  
20.930 ,  0.000 ,  0.000,  0.107  
20.940 ,  0.000 ,  0.000,  0.107  
20.950 ,  0.000 ,  0.000,  0.107  
20.960 ,  0.000 ,  0.000,  0.107  
20.970 ,  0.000 ,  0.000,  0.107  
20.980 ,  0.000 ,  0.000,  0.107  
20.990 ,  0.000 ,  0.000,  0.107  
21.010 ,  0.000 ,  0.000,  0.107  
21.020 ,  0.000 ,  0.000,  0.107  
21.030 ,  0.000 ,  0.000,  0.107  
21.040 ,  0.000 ,  0.000,  0.107  
21.050 ,  0.000 ,  0.000,  0.107  
21.060 ,  0.000 ,  0.000,  0.107  
21.070 ,  0.000 ,  0.000,  0.107  
21.080 ,  0.000 ,  0.000,  0.107  
21.090 ,  0.000 ,  0.000,  0.107  
21.100 ,  0.000 ,  0.000,  0.107  
21.110 ,  0.000 ,  0.000,  0.107  
21.130 ,  0.000 ,  0.000,  0.107  
21.140 ,  0.000 ,  0.000,  0.107  
21.150 ,  0.000 ,  0.000,  0.107  
21.160 ,  0.000 ,  0.000,  0.107  
21.170 ,  0.000 ,  0.000,  0.107  
21.180 ,  0.000 ,  0.000,  0.107  
21.190 ,  0.000 ,  0.000,  0.107  
21.200 ,  0.000 ,  0.000,  0.107  
21.210 ,  0.000 ,  0.000,  0.107  
21.220 ,  0.000 ,  0.000,  0.107  
21.230 ,  0.000 ,  0.000,  0.107  
21.250 ,  0.000 ,  0.000,  0.107  
21.260 ,  0.000 ,  0.000,  0.107  
21.270 ,  0.000 ,  0.000,  0.107  
21.280 ,  0.000 ,  0.000,  0.107  
21.290 ,  0.000 ,  0.000,  0.107  
21.300 ,  0.000 ,  0.000,  0.107  
21.310 ,  0.000 ,  0.000,  0.107  
21.320 ,  0.000 ,  0.000,  0.107  
21.330 ,  0.000 ,  0.000,  0.107  
21.340 ,  0.000 ,  0.000,  0.107  
21.350 ,  0.000 ,  0.000,  0.107  
21.370 ,  0.000 ,  0.000,  0.107  
21.380 ,  0.000 ,  0.000,  0.107  
21.390 ,  0.000 ,  0.000,  0.107  
21.400 ,  0.000 ,  0.000,  0.107  
21.410 ,  0.000 ,  0.000,  0.107  
21.420 ,  0.000 ,  0.000,  0.107  
21.430 ,  0.000 ,  0.000,  0.107  
21.440 ,  0.000 ,  0.000,  0.107  
21.450 ,  0.000 ,  0.000,  0.107  
21.460 ,  0.000 ,  0.000,  0.107  
21.470 ,  0.000 ,  0.000,  0.107  
21.490 ,  0.000 ,  0.000,  0.107  
21.500 ,  0.000 ,  0.000,  0.107  
21.510 ,  0.000 ,  0.000,  0.107  
21.520 ,  0.000 ,  0.000,  0.107  
21.530 ,  0.000 ,  0.000,  0.107  
21.540 ,  0.000 ,  0.000,  0.107  
21.550 ,  0.000 ,  0.000,  0.107  
21.560 ,  0.000 ,  0.000,  0.107  
21.570 ,  0.000 ,  0.000,  0.107  
21.580 ,  0.000 ,  0.000,  0.107  
21.590 ,  0.000 ,  0.000,  0.107  
21.600 ,  0.000 ,  0.000,  0.107  
21.620 ,  0.000 ,  0.000,  0.107  
21.630 ,  0.000 ,  0.000,  0.107  
21.640 ,  0.000 ,  0.000,  0.107  
21.650 ,  0.000 ,  0.000,  0.107  
21.660 ,  0.000 ,  0.000,  0.107  
21.670 ,  0.000 ,  0.000,  0.107  
21.680 ,  0.000 ,  0.000,  0.107  
21.690 ,  0.000 ,  0.000,  0.107  
21.700 ,  0.000 ,  0.000,  0.107  
21.710 ,  0.000 ,  0.000,  0.107  
21.720 ,  0.000 ,  0.000,  0.107  
21.740 ,  0.000 ,  0.000,  0.107  
21.750 ,  0.000 ,  0.000,  0.107  
21.760 ,  0.000 ,  0.000,  0.107  
21.770 ,  0.000 ,  0.000,  0.107  
21.780 ,  0.000 ,  0.000,  0.107  
21.790 ,  0.000 ,  0.000,  0.107  
21.800 ,  0.000 ,  0.000,  0.107  
21.810 ,  0.000 ,  0.000,  0.107  
21.820 ,  0.000 ,  0.000,  0.107  
21.830 ,  0.000 ,  0.000,  0.107  
21.840 ,  0.000 ,  0.000,  0.107  
21.860 ,  0.000 ,  0.000,  0.107  
21.870 ,  0.000 ,  0.000,  0.107  
21.880 ,  0.000 ,  0.000,  0.107  
21.890 ,  0.000 ,  0.000,  0.107  
21.900 ,  0.000 ,  0.000,  0.107  
21.910 ,  0.000 ,  0.000,  0.107  
21.920 ,  0.000 ,  0.000,  0.107  
21.930 ,  0.000 ,  0.000,  0.107  
21.940 ,  0.000 ,  0.000,  0.107  
21.950 ,  0.000 ,  0.000,  0.107  
21.960 ,  0.000 ,  0.000,  0.107  
21.980 ,  0.000 ,  0.000,  0.107  
21.990 ,  0.000 ,  0.000,  0.107  
22.000 ,  0.000 ,  0.000,  0.107  
22.010 ,  0.000 ,  0.000,  0.107  
22.020 ,  0.000 ,  0.000,  0.107  
22.030 ,  0.000 ,  0.000,  0.107  
22.040 ,  0.000 ,  0.000,  0.107  
22.050 ,  0.000 ,  0.000,  0.107  
22.060 ,  0.000 ,  0.000,  0.107  
22.070 ,  0.000 ,  0.000,  0.107  
22.080 ,  0.000 ,  0.000,  0.107  
22.100 ,  0.000 ,  0.000,  0.107  
22.110 ,  0.000 ,  0.000,  0.107  
22.120 ,  0.000 ,  0.000,  0.107  
22.130 ,  0.000 ,  0.000,  0.107  
22.140 ,  0.000 ,  0.000,  0.107  
22.150 ,  0.000 ,  0.000,  0.107  
22.160 ,  0.000 ,  0.000,  0.107  
22.170 ,  0.000 ,  0.000,  0.107  
22.180 ,  0.000 ,  0.000,  0.107  
22.190 ,  0.000 ,  0.000,  0.107  
22.200 ,  0.000 ,  0.000,  0.107  
22.220 ,  0.000 ,  0.000,  0.107  
22.230 ,  0.000 ,  0.000,  0.107  
22.240 ,  0.000 ,  0.000,  0.107  
22.250 ,  0.000 ,  0.000,  0.107  
22.260 ,  0.000 ,  0.000,  0.107  
22.270 ,  0.000 ,  0.000,  0.107  
22.280 ,  0.000 ,  0.000,  0.107  
22.290 ,  0.000 ,  0.000,  0.107  
22.300 ,  0.000 ,  0.000,  0.107  
22.310 ,  0.000 ,  0.000,  0.107  
22.320 ,  0.000 ,  0.000,  0.107  
22.340 ,  0.000 ,  0.000,  0.107  
22.350 ,  0.000 ,  0.000,  0.107  
22.360 ,  0.000 ,  0.000,  0.107  
22.370 ,  0.000 ,  0.000,  0.107  
22.380 ,  0.000 ,  0.000,  0.107  
22.390 ,  0.000 ,  0.000,  0.107  
22.400 ,  0.000 ,  0.000,  0.107  
22.410 ,  0.000 ,  0.000,  0.107  
22.420 ,  0.000 ,  0.000,  0.107  
22.430 ,  0.000 ,  0.000,  0.107  
22.440 ,  0.000 ,  0.000,  0.107  
22.460 ,  0.000 ,  0.000,  0.107  
22.470 ,  0.000 ,  0.000,  0.107  
22.480 ,  0.000 ,  0.000,  0.107  
22.490 ,  0.000 ,  0.000,  0.107  
22.500 ,  0.000 ,  0.000,  0.107  
22.510 ,  0.000 ,  0.000,  0.107  
22.520 ,  0.000 ,  0.000,  0.107  
22.530 ,  0.000 ,  0.000,  0.107  
22.540 ,  0.000 ,  0.000,  0.107  
22.550 ,  0.000 ,  0.000,  0.107  
22.560 ,  0.000 ,  0.000,  0.107  
22.570 ,  0.000 ,  0.000,  0.107  
22.590 ,  0.000 ,  0.000,  0.107  
22.600 ,  0.000 ,  0.000,  0.107  
22.610 ,  0.000 ,  0.000,  0.107  
22.620 ,  0.000 ,  0.000,  0.107  
22.630 ,  0.000 ,  0.000,  0.107  
22.640 ,  0.000 ,  0.000,  0.107  
22.650 ,  0.000 ,  0.000,  0.107  
22.660 ,  0.000 ,  0.000,  0.107  
22.670 ,  0.000 ,  0.000,  0.107  
22.680 ,  0.000 ,  0.000,  0.107  
22.690 ,  0.000 ,  0.000,  0.107  
22.710 ,  0.000 ,  0.000,  0.107  
22.720 ,  0.000 ,  0.000,  0.107  
22.730 ,  0.000 ,  0.000,  0.107  
22.740 ,  0.000 ,  0.000,  0.107  
22.750 ,  0.000 ,  0.000,  0.107  
22.760 ,  0.000 ,  0.000,  0.107  
22.770 ,  0.000 ,  0.000,  0.107  
22.780 ,  0.000 ,  0.000,  0.107  
22.790 ,  0.000 ,  0.000,  0.107  
22.800 ,  0.000 ,  0.000,  0.107  
22.810 ,  0.000 ,  0.000,  0.107  
22.830 ,  0.000 ,  0.000,  0.107  
22.840 ,  0.000 ,  0.000,  0.107  
22.850 ,  0.000 ,  0.000,  0.107  
22.860 ,  0.000 ,  0.000,  0.107  
22.870 ,  0.000 ,  0.000,  0.107  
22.880 ,  0.000 ,  0.000,  0.107  
22.890 ,  0.000 ,  0.000,  0.107  
22.900 ,  0.000 ,  0.000,  0.107  
22.910 ,  0.000 ,  0.000,  0.107  
22.920 ,  0.000 ,  0.000,  0.107  
22.930 ,  0.000 ,  0.000,  0.107  
22.950 ,  0.000 ,  0.000,  0.107  
22.960 ,  0.000 ,  0.000,  0.107  
22.970 ,  0.000 ,  0.000,  0.107  
22.980 ,  0.000 ,  0.000,  0.107  
22.990 ,  0.000 ,  0.000,  0.107  
23.000 ,  0.000 ,  0.000,  0.107  
23.010 ,  0.000 ,  0.000,  0.107  
23.020 ,  0.000 ,  0.000,  0.107  
23.030 ,  0.000 ,  0.000,  0.107  
23.040 ,  0.000 ,  0.000,  0.107  
23.050 ,  0.000 ,  0.000,  0.107  
23.070 ,  0.000 ,  0.000,  0.107  
23.080 ,  0.000 ,  0.000,  0.107  
23.090 ,  0.000 ,  0.000,  0.107  
23.100 ,  0.000 ,  0.000,  0.107  
23.110 ,  0.000 ,  0.000,  0.107  
23.120 ,  0.000 ,  0.000,  0.107  
23.130 ,  0.000 ,  0.000,  0.107  
23.140 ,  0.000 ,  0.000,  0.107  
23.150 ,  0.000 ,  0.000,  0.107  
23.160 ,  0.000 ,  0.000,  0.107  
23.170 ,  0.000 ,  0.000,  0.107  
23.190 ,  0.000 ,  0.000,  0.107  
23.200 ,  0.000 ,  0.000,  0.107  
23.210 ,  0.000 ,  0.000,  0.107  
23.220 ,  0.000 ,  0.000,  0.107  
23.230 ,  0.000 ,  0.000,  0.107  
23.240 ,  0.000 ,  0.000,  0.107  
23.250 ,  0.000 ,  0.000,  0.107  
23.260 ,  0.000 ,  0.000,  0.107  
23.270 ,  0.000 ,  0.000,  0.107  
23.280 ,  0.000 ,  0.000,  0.107  
23.290 ,  0.000 ,  0.000,  0.107  
23.310 ,  0.000 ,  0.000,  0.107  
23.320 ,  0.000 ,  0.000,  0.107  
23.330 ,  0.000 ,  0.000,  0.107  
23.340 ,  0.000 ,  0.000,  0.107  
23.350 ,  0.000 ,  0.000,  0.107  
23.360 ,  0.000 ,  0.000,  0.107  
23.370 ,  0.000 ,  0.000,  0.107  
23.380 ,  0.000 ,  0.000,  0.107  
23.390 ,  0.000 ,  0.000,  0.107  
23.400 ,  0.000 ,  0.000,  0.107  
23.410 ,  0.000 ,  0.000,  0.107  
23.430 ,  0.000 ,  0.000,  0.107  
23.440 ,  0.000 ,  0.000,  0.107  
23.450 ,  0.000 ,  0.000,  0.107  
23.460 ,  0.000 ,  0.000,  0.107  
23.470 ,  0.000 ,  0.000,  0.107  
23.480 ,  0.000 ,  0.000,  0.107  
23.490 ,  0.000 ,  0.000,  0.107  
23.500 ,  0.000 ,  0.000,  0.107  
23.510 ,  0.000 ,  0.000,  0.107  
23.520 ,  0.000 ,  0.000,  0.107  
23.530 ,  0.000 ,  0.000,  0.107  
23.540 ,  0.000 ,  0.000,  0.107  
23.560 ,  0.000 ,  0.000,  0.107  
23.570 ,  0.000 ,  0.000,  0.107  
23.580 ,  0.000 ,  0.000,  0.107  
23.590 ,  0.000 ,  0.000,  0.107  
23.600 ,  0.000 ,  0.000,  0.107  
23.610 ,  0.000 ,  0.000,  0.107  
23.620 ,  0.000 ,  0.000,  0.107  
23.630 ,  0.000 ,  0.000,  0.107  
23.640 ,  0.000 ,  0.000,  0.107  
23.650 ,  0.000 ,  0.000,  0.107
